P55328,AMKVTAAFAGLLVTAFAAPVPEPVLVSRSAGINYVQNYNGNLGDFTYDESAGTFSMYWEDGVSSDFVVGLGWTTGSSNAITYSAEYSASGSSSYLAVYGWVNYPQAEYYIVEDYGDYNPCSSATSLGTVYSDGSTYQVCTDTRTNEPSITGTSTFTQYFSVRESTRTSGTVTVANHFNFWAQHGFGNSDFNYQVMAVEAWSGAGSASVTISS
Q9HGU0,SYLSVYGWXTDPLIEYYIVESYGDYNPGSGGTYKGTVTSDGSVYDIYTATRTNAASIQGTATFTQYWSVRR
P17137,MLRRKVIFTVLATLVMTSLTIVDNTAFAATNLNTTESTFSKEVLSTQKTYSAFNTQAAPKTITSNEIGVNGGYDYELWKDYGNTSMTLKNGGAFSCQWSNIGNALFRKGKKFNDTQTYKQLGNISVNYDCNYQPYGNSYLCVYGWTSSPLVEYYIVDSWGSWRPPGGTSKGTITVDGGIYDIYETTRINQPSIQGNTTFKQYWSVRRTKRTSGTISVSKHFAAWESKGMPLGKMHETAFNIEGYQSSGKADVNSMSINIGK
CAP60973.1,SMVTLSSLLVAAATVATGVFAAPGELPGLAKRQTYTTSATGTHNGYYFSFWTDGGPNVRYTNEAGGQYSVSWSGNGNWVGGKGWNPGTARTINYTGTYQPNGNSYLAIYGWTRNPLVEYYVIENFGTYNPSSGATRMGSVVDGGATYDIYRSTRVQQPSIEGTRTFDQYWSVRQQKRTGGSVNMATHFAAWERAGLRLGTHDYQVVATEGYFSSGSATINVGGSSGGAQPQPQPEPSPNPNPGNGGGGGGSNCAARWGQCGGQGWNGPTCCESGTTCRSSNQWYSQCL
A5H0S3,MFKFKKNFLVGLTAALMSISLFSATASAASTDYWPNWTDGGGTVNAVNGSGGNYSVNWSNTGNFVVGKGWTKGSPSRTINYNAGVWAPNGNGYLALYGWTRSPLIEYYVVDSWGTYRPTGTYKGTVYSDGGTYDIYTTKRYNAPSIEGQHSTFTQYWSVRRSKRPTGNNAKITFSNHVKAWKSHGMNLGSIWSYQVLATEGYQSSGSSNVTVW
AAE16058.1,USMVAFSSLICALTSIASTLAMPTGLEPESSVNVTERGMYDFVLGAHNDHRRRASINYDQNYQTGGQVSYSPSNTGFSVNWNTQDDFVVGVGWTTGSSAPINFGGSFSVNSGTGLLSVYGWSTNPLVEYYIMEDNHNYPAQGTVKGTVTSDGATYTIWENTRVNEPSIQGTATFNQYISVRNSPRTSGTVTVQNHFNAWASLGLHLGQMNYQVVAVEGWGGSGSASQSVSN
BAO51921.1,MKLSLAAIGICTTAAVAFPSGLTQHATGDLSKRQSITTSQTGTNNGYYYSFWTNGGGEVTYTNGDNGEYSVTWVNCGDFTSGKGWNPANAQTVTYSGEFNTSGNAYLAVYGWTTDPLVEYYILESYGTYNPSSGLTLLGQVTSDGGTYDIYSTQRVDQPSIEGTSTFNQYWSVRTEKRVGGTVTTANHFAAWKALGLEMGTYNYMIVSTEGYESSGSSTITVS
Q8J0K5,BMGISSILLSALIAGGALALPAAEPVSFDIRDENITLARRAEAINYNQDYIASGANVQYSPNMAAGSFSINYNTQGDFVVGLGWQPGDANPITYSGSFSASGVGILAVYGWSTNPLVEYYVMEVHDGYQTAGTHKGTVTTDGGTYDIWEHQQVNQPSILGTSTFNQYISIRQSPRTSGTVTVQNHFNAWAQAGMNLGTLNYQVMAVESWSGSGSGQISLSKGTGGGSTTTTPTGPTSTSTAPSSGGTGAAQWGQCGGIGWTGPTTCVAPYTCKYENAYYSQCQ
Q59300,MKFPLIGKSTLAALFCSALLGVNNTQAQTLTNNATGTHNGFYYTFWKDSGDASMGLQAGGRYTSQWSNGTNNWVGGKGWNPGGPKVVTYSGSYNVDNSQNSYLALYGWTRSPLIEYYVIESYGSYNPASCSGGTDYGSFQSDGATYNVRRCQRVQQPSIDGTQTFYQYFSVRSPKKGFGQISGTITTANHFNFWASKGLNLGNHDYMVLATEGYQSRGSSDITVSEGTGGTTSSSVPSNGSGSSSSVSANTGGVLVRARGVAGGEYINLRIGGATVASWNLTTSFQDLNYTGTASGDIQVQFDNDGGSRDVVVDYIRVNGETRQAEDMSYNTAFYTNGSCGGGGNSELMHCNGAIGFGYTYDCFSGNCSGGSTGGGTNSSVASSAGSTASCAGYVGITFDDGPGANTTTLVNLLKQNNLTPVTWFVQGNYVAANSNLMSQLLSVGEVQNHSYTHPHLINLGYQQIYDELNRTNQAIQNAGAPKPTLFRPPYGEVNANVNQAAQALGLRVITWNVDSQDWNGASATAIANAANQLQNGQVILMHDANYNNTNAAIAQIASNLRAKGLCPGRIDAATGRAVAPAGAVASSSRSSSSTPIVASSSSVATGNACQCNWWGTRYPLCTNTASGWGWENNTSCITTSTCNSQGAGGGGVVCN
CAA62969.1,MKLFQIFPLLLSLTSVTLAADDFCNATGFQGQSVVSTGHDVKKIGNIDYEQWADGGNNSATFYSDGSFKCNFSNTKDYLCRSGVAFSQAKYPSEIGHIEAEYRLVKKSASNVGYSYVGVYGWTLQSGISGVYEYYIVDNWLSQWRPGDWVGNTKFGDFTIDGGVYTVYKNVNGNLTQYFSLRKSERTCGTIDVTAHFAQWEKLGLKMPKITEIKVLAEAGNTGGGCSGSVEIPYAKIYINGKDQDGKSKGGSSSGGSNGQGLGNGQGNGQGQGNGQGQSATGSGKCPSTITSQGYKCCSSNCDIIYRDQSGDWGVENDEWCGCGSRVPKTTNCPSSIKNQGYKCCSDSCEIVLTDSDGDWGIENDEWCGCGIKNTTPTTTTKKSNNSQPTQGQSNNNSSTNTNFCSTSKHSGQSVTETSNKVGSIGGVGYELWADSGNNSATFYSDGSFSCSFRNAKDYLCRSGLSFDSTKTYQQLGHMYADFKLVKQNIQNVDYSYVGIYGWTRNPLVEFYVVDNWLSQWRPGDWVGNKKHGDFTIDGAKYTVYENTRTGPSIDGNTTFKQYFSIRQQARDCGTIDITAHFEQWEKLGMRMGKMHEAKVLGEAGSTGSGTSGTADFPYAKVYIK
B5SYI8,MFKFKKNFLVGLTAALMSISLFSATASAASTDYWQNWTDGGGTVNAVNGSGGNYSVNWSNTGNFVVGKGWTKGSPSRTINYNAGVWAPNGNGYLALYGWTRSPLIEYYVVDSWGTYRPTGTYKGTVYSDGGTYDIYTTKRYNAPSIEGQHSTFTQYWSVRRSKRPTGNNAKITFSNHVKAWKSHGMNLGSIWSYQVLATEGYQSSGSSNVTVW
B5A7N4,MVAFTSLLAGFAAIAGVLSAPTESSVEVEKRQTIGPGTGYSNGYYYSYWNDGHAGVTYTNGGGGSFTVNWSNSGNFVGGKGWQPGTKNKVINFSGSYNPNGNSYLSIYGWSRNPLIEYYIVENFGTYNPSTGATKLGEVTSDGSVYDIYRTQRVNQPSIIGTATFYQYWSVRRNHRSSGSVNTANHFNAWASHGLTLGTMDYQIVAVEGYFSSGSASITVS
Q96UV7,MAYKSLLFLALIAVTATALDVFDNSTEVIGKRSIPNGEGTNNGYFYSVYSDTTVTGTYTNGPGGEYTLTWGGSGDVVVGKGWNPGGPMSVEYSGTYSPNGNSYLSVYGWMTSPLVEYYITDSFGDYNPSTGGTHLGTCTSDGGVYDIYTQTRTNAPSIQGTATFQQYWSIRQTHRVGGTVTTGNHYSCWESVGLPLGTFNYIILATEGYSSSGTSTITVGQGTGTGSSAPSGPSSTTTTPPTAPTGGTVAQWGQCGGIGYSGPTTCASPYTCTVANAYYSQCL
E2JFA2,MAAMLAGCGNSASENSTAGKPADSKSSESKTTEAEKEVEHSVEAQEFNENIIGTADGYGYELWKDNGDTKFFVEPGGGCFSCEWKNINNALFRRGQKFDCTQTYDQLGNISVDYGIDYKPQGNSYMCVYGWTKSPLVEFYIVESWGSWRPPGAPSAIGDVTVDGAVYDIYKTTRVEQPSIDGTQTFDQYWSVRREKPSGEGTKREGTISASKHFDAWKKCGLELGKMYEVALTIEGYQSNGSAVIYKNDLKIEGTYSEATDIEVNVNE
O87118,MKQKLLVTFLILITFTVSLTLFPVNVRADVVITSNQTGTGGGYNFEYWKDTGNGTMVLKDGGAFSCEWSNINNILFRKGFKYDETKTHDQLGYITVTYSCNYQPNGNSYLGVYGWTSNPLVEYYIIESWGTWRPPGATPKGTITVDGGTYEIYETTRVNQPSIKGTATFQQYWSVRTSKRTSGTISVTEHFKAWERLGMKMGKMYEVALVVEGYQSSGKADVTSMTITVGNAPSTSSPPGPTPEPTPRSAFSKIEAEEYNSLKSSTIQTIGTSDGGSGIGYIESGDYLVFNKINFGNGANSFKARVASGADTPTNIQLRLGSPTGTLIGTLTVASTGGWNNYEEKSCSITNTTGQHDLYLVFSGPVNIDYFIFDSKGVNPTPTPTSPPQQDQVLGDLNGDKQVNSTDYTALKRHLLNITRLSGTALANADVNRDGKVDSTDLMMLHRYLLRIISKLG
BAA07264.1,MLTKNLLLCFAAAKAVLAVPHDSVVERSDALHKLSERSTPSSTGENNGYYYSFWTDGGGDVTYTNGNAGSYSVEWSNVGNFVGGKGWNPGSAKDITYSGNFTPSGNGYLSVYGWTTDPLIEYYIVESYGDYNPGSGGTTRGNVSSDGSVYDIYTATRTNAPSIQGTATFSQYWSVRQNKRVGGTVTTSNHFNAWAKLGMNLGTHNYQILATEGYQSSGSSSITIQ
Q0ZHI9,GMVSFKSLLLAASAFTAVLGRPFDSFDGPDVNITDADELLVRRQVTANSEGTHNGYFYSWWSDGGGQVTYTMGAGSRYSVTWKDTGNFVGGKGWNPGTGRTINYGGSFSPQGNGYLAVYGWTRNPLIEYYVVESYGTYNPGSGGQLKGTVTTDGGTYNVYVSTRTNQPSIDGTRTFQQYWSVRTSKRVGGAVTMQNHFNAWAQFGMNLGAHYYQIVATEGYQSSGPSDIYVQTQCKSLCDRGRVTWRDVVC
Q52753,MRFKALKKILSGTVSALMIAVSMPTSFSVHADDQQDKGNVGGYDWEMWNQNYTGTVSMKPSAGSFTCSWSGIENFLARMGKNYDSQKINYKALGDIVLSYDVEYTPRGNSYMCIYGWTRNPLMEYYIVEGWGDWEPPGNDGVDNFGTATIDGRTYKIRKSMRYNQPSIEGTKTFPQYWSVRTSSGSRNNTTNYMKDSVTVSAHFDAWSKAGLDMSGTLYEVSLNIEGYRSNGSANVKSITVGGDPPPPKEPVKADENGYYLKENFESGTGDWGARGSAKVESSSTGYDGSKGIYVSGRTNNWNGASIKLDTSTFVPGETYSLGAAVMQDSEASVDLKLTLQYTDANGKDNYDEVKTVSAAKGQWTDLSNASYTIPADASGLELYIEAPDSLTDFYVDGAYAGVKGTKPLLSIDPSQQPVITDPITTQPPSSNVDKNKTIKILPAGDSITNGDGEQGGYRKYLFDALSKLGYTKIDMVGPNRDRSNTANGITYDTDHAGFSGYQIKEVPSWGQQQGGKGSLYNELKNNDVVKKTQPDIILLMIGTNDLTANRSMDACTADLRSMLDYMLGDMPSGGMIFLCSVPEHTAYGGNTQKIANYNNTVKSVAEEYANKGKNVRFADVHGCLDGMNDISSQDHLHPNGTGYKKMGNFFAGVIDDYITSLAPPVTTTTSTTTTTTTTTTTTTTTTTATTTTTTTTTAEPELTVKKAGDANDDGNLDLADAILIMQALANPNKYGLEGTAEKHLTEQGKVNADVDKSTKGLTADDALMIQEFLIGKVASL
A2T401,MFKFKKNFLVGLTAALMSISLFSATASAASTDYWQNWTDGGGMVNAVNGSGGNYSVDWSNTGNFVVGKGWTTGSPSRTINYNAGVWAPNGNGYLTLYGWTRSPLIEYYVVDSWGTYRPTGTYKGTVKSDGGTYDIYTTTRYNAPSIEGPKTTFTQYWSVRQSKRPTGSNAKITFSNHVKAWKSHGMNLGSIWSYQVLATEGYQSSGSSNVTVW
Q8RMN8,MFKFKKNFLVGLSAALMRIILFSATASAASTDYWQNWTDGGGIVNAVNGSGGNYSVNWSNTGNFVVGKGWTTGSPFRTINYNAGVWAPNGNGYLTLYGWPRSPLIEYYVVDSWGTYRPTGTYKGTVKSDGGTYDIYTTTRYNAPSIDGDRTTFTQYWSVRQTKRPTGSNATITFSNHVNAWKSHGMNLGSNWAYQVMATGGYQSSGSSNVTVW
BAO51925.1,MVAFSSLFTALAAIAGSLAAPADLVKNDNVPDLGSRGPSNFVIDTTNNTSLARRSAINYDQDYTTGGTVNYYSSSTGFEVTWNTQDDFVVGVGWNPGSTTPINFGGQFSVSSGTGLLSVYGWSTSPLVEYYIIEDYANPPSFGTQKGSLTSDGGTYIIWENTRYNEPSIQGTSTFNQYISVRQSPRTEGTVTVQNHFNAWKNLGMNLGTLNFQVIAAEGWGGSGSASYAVNNN
O97402,MQFLIPVVILCVSLVDSQKVLYNNEIGFNNGFYYAFWKDSGSATFTLESGGRYAGNWTTSTNNWVGGKGWNPGNSWRTVNYSGYYGINEYANSYLSLYGWTTNPLIEYYVVESYGSYSPLNCPGGTDEGSFTSGGATYQVRKCRRTNAPSIIGTQSFDQYFSVRTPKKGFGQVSGSVNFADHVQYWASKGLPLGTHAHQIFATEGYQSSGFADITVS
Q6QJ75,MKVTAAFAGLLVTALAAPAPEPVLVSRSAGINYVQNYNGNLGDFTYDESAGTFSMYWEDGVSSDFVVGLGWTTGSSNPITYSADYSASGSSSYLAVYGWDNYPQAEYYIVEDYGDYNPCSSATSLGTVYSDGSTYQVCTDTRTNEPSITGTSTFTQYFSVRESTRTSGTVTVANHFNFWAQHGFGNSDFNYQVVAVEAWSGAGSASVTISS
Q12667,AMKLFQIFPLLLSLTSVTLAADDFCNATGFQGQSVVSTGHDVKKIGNIDYEQWADGGNNSATFYSDGSFKCNFSNTKDYLCRSGVAFSQAKYPSEIGHIEAEYRLVKKSASNVGYSYVGVYGWTLQSGISGVYEYYIVDNWLSQWRPGDWVGNTKFGDFTIDGGVYTVYKNVNGNLTQYFSLRKSERTCGTIDVTAHFAQWEKLGLKMPKITEIKVLAEAGNTGGGCSGSVEIPYAKIYINGKDQDGKSKGGSSSGGSNGQGLGNGQGNGQGQGNGQGQSATGSGKCPSTITSQGYKCCSSNCDIIYRDQSGDWGVENDEWCGCGSRVPKTTNCPSSIKNQGYKCCSDSCEIVLTDSDGDWGIENDEWCGCGIKNTTPTTTTKKSNNSQPTQGQSNNNSSTNTNFCSTSKHSGQSVTETSNKVGSIGGVGYELWADSGNNSATFYSDGSFSCSFRNAKDYLCRSGLSFDSTKTYQQLGHMYADFKLVKQNIQNVDYSYVGIYGWTRNPLVEFYVVDNWLSQWRPGDWVGNKKHGDFTIDGAKYTVYENTRTGPSIDGNTTFKQYFSIRQQARDCGTIDITAHFEQWEKLGMRMGKMHEAKVLGEAGSTGSGTSGTADFPYAKVYIK
Q8J0T4,SYMVAFTSLLAGFAAVAGVLSAPTEDVQVEKRQVIGPGTGFNNGYYYSYWNDGHAGVTYTNGAGGSFSVNWANSGNFVGGKGWNPGSSTRTINFSGSYSPNDNSYLSVYGWSKNPLIEYYIVENFGTYNPSTGATKLGEVTLDGSVYDIYRTQRVNQPSIIGTATFYQYWSVRRSHRSSGSVNVGNHFNAWRNLGLTLGQLDYQIIAVEGYFSSGSANINVS
O52779,MKQKLLVTFLILITFTVSLTLFPVNVRADVVITSNQTGTHGGYNFEYWKDTGNGTMVLKDGGAFSCEWSNINNILFRKGFKYDETKTHDQLGYITVTYSCNYQPNGNSYLGVYGWTSNPLVEYYIIESWGTWRPPGATPKGTITVDGGTYEIYETTRVNQPSIKGTATFQQYWSVRTSKRTSGTISVTEHFKAWERLGMKMGKMYEVALVVEGYQSSGKADVTSMTITVGNAPSTSSPPGPTPEPTPRSAFSKIEAEEYNSLKSSTIQTIGTSDGGSGIGYIESGDYLVFNKINFGNGANSFKARVASGADTPTNIQLRLGSPTGTLIGTLTVASTGGWNNYEEKSCSITNTTGQHDLYLVFSGPVNIDYFIFDSKGVNPTPTPTSPPQQDQVLGDLNGDKQVNSTDYTALKRHLLNITRLSGTALANADVNRDGKVDSTDLMMLHRYLLRIISKLG
C0STU9,MLVALAGLCASACLSSSQTGTDNGYYFSFWTDGGGSISYCNEAGGRYTSQWSNVGNWVGGKGWSTGSAKAVTYSGTFSSPGNGYLSLYGWTKSPLVEYYIVDSWGTYRPPGGEGFQGTVSSDGGTYDIYKTQRVNQPSIEGTATFYQFWSVRQDKRVGGTITTGNHFTAWSGKGMSLGSHNYMIVATEGYQSSGSSDITVS
AFK85913.1,MLNFKRIFTLICTFLVSLSLLTVTAFADTTNYWQDWTDGVGTVNASNLAGGQYSVSWTNCGNFVVGKGWSTGSPSRVVNYNAGAFSPNGNGYLSLYGWTRSPLIEYYVVDDWGSYRPTGTYMGTVTSDGGTYDIYTATRVNAPSIDGTQTFTQFWSVRQSKRSIGTNNTITFANHVNAWKSHGMNLGSSWAYQIIATEGYQSSGYANVTVW
Q5EFR9,MNLRKLRLLFVMCIGLTLILTAVPAHARTITNNEMGNHSGYDYELWKDYGNTSMTLNNGGAFSAGWNNIGNALFRKGKKFDSTRTHHQLGNISINYNASFNPGGNSYLCVYGWTQSPLAEYYIVDSWGTYRPTGAYKGSFYADGGTYDIYETTRVNQPSIIGIATFKQYWSVRQTKRTSGTVSVSAHFRKWESLGMPMGKMYETAFTVEGYQSSGSANVMTNQLFIGN
C9RLL3,ATCCMVNKIIIALSMGLTAGVLAQDFCNAAKHTGASKKVNGNEVSSFNGVGYELWYDRATSGSLTIYEDGSMACSFQNAGDYLCRAGLSFDSDKKYNELGGDMLAEFKLVKQNINGADYSYVGVYGWMEEVSKSPSKLVEYYVVDNWLTGWRPGDWVASHKMGDYTIDGAKYSVYWGEHTGPAIKTQGNTTFLQYFSIRENARDCGVINISAHMRQWEKLGMEMGKLYEAKVLGEAGSMSNGVSGTADFPHIKVYVKGDEVPSSSSVALSSSSVVSSSSETVPSSSSEKVAESSSSVDGSSSSGTDAIPFMAQLFDKAGVYQVFDMQGNFLGKVELKNGLSLKQAVASKFARSSVYLVKRGAFAKTIAVER
Q9RQB8,MTRTISRAAHRPPAGGRIARALAAAGATVAMVIAGVAAAQPAAAVDSNSTGSSGGYFYSFWTDAPGTVSMNLGSGGNYSTSWSNTGNFVAGKGWSTGSARTISYSGTFNPSGNAYLAVYGWSHDPLVEYYIVDSWGTYRPTGTFMGTVNSDGGTYDIYKTTRTNAPSIEGTATFTQYWSVRQSKRVGGTITTANHFNAWASHGMNLGRHDYQILATEGYQSSGSSNITIGSTSGGGGSGGGTTTPPTNNGCTVQVTKGDEWGDRFNVSFTVSGSSSWKVAIALSGGQSLQNSWSANVTGSTGTLTATPNGSGNSFGITVYKNGSSTLPTATCSTT
Q12562,AMKFFATIAALVVGAVAAPVAEAEAEASSPMLIERAGPGGINYVQNYNGNLGQFTYNENAGTYSMYWNNGVNGDFVVGLGWSTGAARSITYSSNYQASGGSYLSVYGWINSPQAEYYIVESYGSYNPCGAGQSGVTQLGTVCSDGATYTVYTDTRTNQPSITGTSTFKQYWSVRQTKRTSGTVTTGNHFAYWAKYGFGNSYNFQVMPVEAFSGTGSASVTVS
Q00263,MVSFTSIFTAAVAATGALAVPVTDLATRSLGALTARAGTPSSQGTHNGCFYSWWTDGGAQATYTNGAGGSYSVNWKTGGNLVGGKGWNPGAARTITYSGTYSPSGNSYLAVYGWTRNPLIEYYVVENFGTYDPSSQATVKGSVTADGSSYKIAQTQRTNQPSIDGTQTFQQYWSVRQNKRSSGSVNMKTHFDAWAAKGMKLGTHNYQIVATEGYFSSGSAQITVNCA
EFJ03564.1,MFAKLIAFVAAVATVSASPLNATDIVDVSARSGTPSSTGTDGGYYYSWWTDGAGDATYQNNGGGSYTLTWSGNNGNLVGGKGWNPGAASRSISYSGTYQPNGNSYLSVYGWTRSSLIEYYIVESYGSYDPSSAASHKGSVTCNGATYDILSTWRYNAPSIDGTQTFEQFWSVRNPKKAPGGSISGTVDVQCHFDAWKGLGMNLGSEHNYQIVATEGYQSSGTATITVT
Q2I0I8,MKVTAAFAGLLVTALAAPAPGPVLVSRSAGINYVQNYNGNLGDFTYDESAGTFSMYWEDGVSSDFVVGLGWTTGSSNPITYSADYSASGSSSYLAVYGWVNYPQAEYYIVEDYGDYNPCSSATSLGTVYSDGSTYQVCTDTRTNEPSITGTSTFTQYFSVRESTRTSGTVTVANHFNFWAQHGFGNSDFNYQVVAVEAWSGAGSASVTISS
Q8GH59,MKQKMRIVFSMLMCITILLASSAVGVLAATKTITSNETGNFEGYDYEYWKDNGTGTMTLTGGGTFSCSWSNINNILFRTGKKLGSTKTYKDYGKISINYDCNYQPNGNSYMAVYGWTEDPLVEYYIIDSYGTWNPGSNSTLKGTTTVDGRTYQIYQNSRTGPSIKGNNTTFQQYWSICTSKRTSGTITVSDHFKAWENLGMKMGKMYEVSMVVEGYQSSGKADMTKMDLIMGDTPPVIVDQPTPEKLLGDVDNNGTVNALDLAIYKKFLLGMIPSLPATGDVDQNGRMNAIDFAMIKQHLLGIIKLGKLPTTSEDPNKKLVALTFDDGPSSQTGLVLDKLKKYNAKATFMVIGNKISSADAIMKRIVSEGHEIGNHGWSYDSMANMSASQITQEINQCNSAIKQYTGSDPKFFRPANLATSQTLFQTVKLPFVQGVIAQDWNGASATTAEARAQLVLNGTQDGSIVLMHCTQPGYHPTPEALDIIIPQLQQQGYSFVTLSDLFKLKGKTPQLGTMLNGAF
Q96TR7,MKFFATIAALVVAAVAAPVAEADAEASSPMLIERAGPGGINYVQNYNGNLGQFTYNENAGTYSMYWTNGVSGDFVVGLGWSTGAARSITYSSSYTASGGSYLSVYGWINSPQAEYYIVESYGSYNPCGAGQSGVTQLGTVVSDGATYTVCTDERVNEPSITGTSTFKQYWSVRQTKRTSGTVTTGNHFAYWAKYGFGNSYNFQVMAVEAFSGTGSASVTVS
Q6QHA0,MKNWPGTGIILLLAGGLLAACLTGKRQEGQKVDPDTQNEKLTGGTVFTANSRGNRPLEGSPYGYEMWTQGGNNNKLVWFGPDQGGGAAFRAEWNEPDDFLGRLGFWWGNGGQFKEYKNMYADFNYTRSGRGTGGSYSYIGIYGWARNPNAANEEDRLIEYYIVDDWFGNQWQSDDTPITTRTTGGSVLGTIIADGAFYNVVRNVRTQKPSIDGIKTFAQYFSIRQTPRQSGTISITEHFKQWESMGLKLGNMYEAKFLVEAGGGTGWLEFTYLKLTQEEKKRN
BAA06837.1,IMFKFGKKLMTVVLAASMSFGVFAATSSAATDYWQNWTDGGGTVNAVNGSGGNYSVSWQNTGNFVVGKGWTYGTPNRVVNYNAGVFAPSGNGYLTFYGWTRNALIEYYVVDSWGTYRPTGTYKGTVNSDGGTYDIYTTMRYNAPSIDGTQTFPQYWSVRQSKRPTGVNSTITFSNHVNAWPSKGMYLGNSWSYQVMATEGYQSSGNANVTVW
AIO05795.1,MKKRGLKLFLASLMSCTLALSVVNVNAYAAATDYWQNWTDGGGTVNAVNGSGGNYSVNWSNCGNFVVGKGWNAGSYTRVINYNAGQFAPSGNGYLSLYGWTRNSLIEYYVVDDWGTYRPTGNYKGTVTSDGGTYDIYTATRTNAPSIDGVTTFQQFWSVRQSKRSIGTNNTITMKNHADAWGSKGMALGSSWAYQMIATEGYQSSGSANVTVWE
Q9AG99,PLVEYYIVDNWGTYRPTGTFMGTVNSDGGTYDIYRTQRVNQPSIEGTSTFYQYWSVRQQKRTGGTITAGNHFDAWASKGMNLGTHDYQILATEGYQSSGSSNVTVSEGTSGGGNTGGGGDTGGGNTGGGGTSNGCTVTATRSESWSDRFNVNYTVSGASSWSVTVNPGSGQSIQNSWNATRNGNTFTSSGNNTFGVTYYSGGNTNIPSASCTATGSTGGNTGGGNTGGGNTGGGNTGGGDTGGNTGGGTNNGWNCSAGYVA
CAA90390.1,BMKVTAAFAGLLARHSPPLSTELVTRSINYVQNYNGNLGAFSYNEGAGTFSMYWQQGVSNDFVVGLGRSTGSSNPITYSASYSASGGSYLAVYGWVNSPQAEYYVVEAYGNYNPCSSGSATNLGTVSSDGGTYQVCTDTRVNQPSITGTSTFTQFFSVRQGSRTSGTVTIANHFNFWANDGFGNSNFNYQVVAVEAWSGTGTASVTVSA
AHI42057.1,MKVTAAFAGLLATVLAAPAADSALVERASGINYVQNYNGNLGDFTYNESAGTYSMYWENGVNGDFVVGLGWSTGAARSITYSANYNAASSGSYLSVYGWINSPQAEYYIVENYGDYNPCSGAQSLGTLTSDGGTYQVCTDTRYNQPSITGTSTFTQFFSVRQSKRSSGTVTTGNHFNFWAQHGFGNSYNFQVMAVEAFSGAGSATVTVS
Q5YB84,MRTIKFFFAVAIATVAKAQWGGGGASAGQRLTVGNGQNQHKGVADGYSYEIWLDNTGGSGSMTLGSGATFKAEWSASVNRGNFLARRGLDFGSQKKATDYSYIGLDYTATYRQTGSASGNSRLCVYGWFQNRGVQGVPLVEYYIIEDWVDWVPDAQGRMVTIDGAQYKIFQMDHTGPTINGGSETFKQYFSVRQQKRTSGHITVSDHFKEWAKQGWGIGNLYEVALNAEGWQSSGIADVTKLDVYTTQKGSNPAPTSTGTVPSSSAGGSTANGKKFTVGNGQNQHKGVNDGFSYEIWLDNTGGNGSMTLGSGATFKAEWNAAVNRGNFLARRGLDFGSQKKATDYDYIGLDYAATYKQTASASGNSRLCVYGWFQNRGLNGVPLVEYYIIEDWVDWVPDAQGKMVTIDGAQYKIFQMDHTGPTINGGSETFKQYFSVRQQKRTSGHITVSDHFKEWAKQGWGIGNLYEVALNAEGWQSSGVADVTLLDVYTTPKGFSPATSAAPRTTTRTTTRTKSLPTNYNKCSARITAQGYKCCSDPNCVVYYTDEDGTWGVENNDWCGCGVEQCSSKITAQGYKCCSDPNCVVFYTDDDGKWGVENNDWCGCGF
ACX76028.1,MVNKIIIALSMGLTAGVLAQDFCNAAKHTGASKKVNGNEVSSFNGVGYELWYDRATSGSLTIYEDGSMACSFQNAGDYLCRAGLSFDSDKKYNELGGDMLAEFKLVKQNINGADYSYVGVYGWMEEVSKSPSKLVEYYVVDNWLTGWRPGDWVASHKMGDYTIDGAKYSVYWGEHTGPAIKTQGNTTFLQYFSIRENARDCGVINISAHMRQWEKLGMEMGKLYEAKVLGEAGSMSNGVSGTADFPHIKVYVKGDEVPSSSSVALSSSSVVSSSSETVPSSSSEKVAESSSSVDGSSSSGTDAIPFMAQLFDKAGVYQVFDMQGNFLGKVELKNGLSLKQAVASKFARSSVYLVKRGAFAKTIAVER
Q9S310,MKKSIFKRYAAAVGLMASVLMFTAVPTTSNAADDQKTGKVGGFDWEMWNQNYTGTVSMNPGAGSFTCSWSGIENFLARMGKNYDDQKKNYKAFGDIVLTYDVEYTPRGNSYMCIYGWTRNPLMEYYIVEGWGDWEPPGNDGVDNFGTTTIDGKTYKIRKSMRYNQPSIEGTKTFPQYWSVRTTSGSRNNTTNYMKDQVSVTKHFDAWSKAGLDMSGTLYEVSLNIEGYRSNGSANVKSISFDGGIDIPDPEPIKPDENGYYLKENFESGEGNWSGRGSAKVKSSSGYDGTKGIFVSGREDTWNGASINLDELTFKAGETYSLGTAVMQDFESSVDFKLTLQYTDADGKENYDEVKTVTAAKGQWVDLSNSSYTIPSGATGLVLYVEVPESKTDFYMDGAYAGVKGTKPLISISSQSVDPPVTEPTNPTNPTGPSVTKWGDANCDGGVDLSDAIFIMQFLANPNKYGLTGTETNHMTNQGKVNGDVCEHGSGLTGDDAVSIQKYLIRAISELPESYLEGHDPSKTTTTTTRITTTTTTTTTTTTSKTTTTTTTTSPAMHGGYRDLGTPMNTSATMISDFRTGKAGDFFASDGWTNGKPFDCWWYKRNAVINDGCLQLSIDQKWTNDKNPDWDPRYSGGEFRTNNFYHYGYYECSMQAMKNDGVVSSFFTYTGPSDDNPWDEIDIEILGKNTTQVQFNYYTNGQGKHEKLYDLGFDSSEAYHTYGFDWQPNYIAWYVDGREVYRATQDIPKTPGKIMMNAWPGLTVDDWLKAFNGRTPLTAHYQWVTYNKNGVQHSSQGQNPWG
AFH35005.1,MKIRSRRERRPRGPLTSLFRGVCAVVLLAVGALTLPGAGIAGADTVITSNQTGTDNGYYYSFWTDGGGTVSMNLGSAGNYSTNWSNAGNFVAGKGWSNGGRRSVTYSGTFNPSGNAYLSLYGWTSNPLVEYYIVDNWGSYRPTGTFKGTVTSDGGTYDIYETTRTNAPSVEGTKTFNQYWSVRQSKRTGGTITTGNHFDAWAGHGMNLGSFNYYMIMATEGYQSSGSSNITVGSSGSGGGGGGTGGGTGGGGTGGCTATVTAGQSWDDRYNLNVSVSGANNWTVTANVPAPEKVLSTWNVAASYPSAQVLTAKSNGSGNNWGLTVQKNGSTTWPTFSCAAN
Q3HLJ4,MFKFKKNFLVGLSAALMSISLFSATASAASTDYWQNWTDGGGIVNAVNGSGGNYSVNWSNTGNFVVGKGWTTGSPFRTINYNAGVWAPNGDGYLTLYGWTRSPLHRILCVDSWGTYRPTGTYKGTVKGDGGTYDIYTTTRYNAPSIDGDRTTFTQYWSVRQTKRPTGSNATITFSNHVNAWKSHGMNLGSNWAYQVMATEGYQSSGSSNVTVW
Q5RZ98,MNHAPASLKSRRRFRPRLLIGKAFAAALVAVVTMIPSTAAHAAVTSNETGYHDGYFYSFWTDAPGTVSMELGPGGNYSTSWRNTGNFVAGKGWATGGRRTVTYSASFNPSGNAYLTLYGWTRNPLVEYYIVESWGTYRPTGTYMGTVTTDGGTYDIYKTTRYNAPSIEGTRTFDQYWSVRQSKRTSGTITAGNHFDAWARHGMHLGTHDYMIMATEGYQSSGSSNVTLGTSGGDNPGGGNPPGGGNPPGGGGCTATLSAGQQWNDRYNLNVNVSGSNNWTVTVNVPWPARIIATWNIHASYPDSQTLVARPNGNGNNWGMTIMHNGNWTWPTVSCSAN
P36218,ATCCBCRCNRRLMVAFSSLICALTSIASTLAMPTGLEPESSVNVTERGMYDFVLGAHNDHRRRASINYDQNYQTGGQVSYSPSNTGFSVNWNTQDDFVVGVGWTTGSSAPINFGGSFSVNSGTGLLSVYGWSTNPLVEYYIMEDNHNYPAQGTVKGTVTSDGATYTIWENTRVNEPSIQGTATFNQYISVRNSPRTSGTVTVQNHFNAWASLGLHLGQMNYQVVAVEGWGGSGSASQSVSN
AAM95167.1,BMLTKNLLLCFAAAKAVLAVPHDSVVERSDALHKLSERSTPSSTGENNGFYYSFWTDGGGDVTYTNGDAGSYTVEWSNVGNFVGGKGWNPGSAQDITYSGTFTPSGNGYLSVYGWTTDPLIEYYIVESYGDYNPGSGGTYKGTVTSDGSVYDIYTATRTNAASIQGTATFTQYWSVRQNKRVGGTVTTSNHFNAWAKLGMNLGTHNYQIVATEGYQSSGSSSITVQ
Q53317,MKKSIFKRYAAAVGLMASVLMFTAVPTTSNAADDQKTGKVGGFDWEMWNQNYTGTVSMNPGAGSFTCSWSGIENFLARMGKNYDDQKKNYKAFGDIVLTYDVEYTPRGNSYMCIYGWTRNPLMEYYIVEGWGDWEPPGNDGVDNFGTTTIDGKTYKIRKSMRYNQPSIEGTKTFPQYWSVRTTSGSRNNTTNYMKDQVSVTKHFDAWSKAGLDMSGTLYEVSLNIEGYRSNGSANVKSISFDGGIDIPDPEPIKPDENGYYLKENFESGEGNWSGRGSAKVKSSSGYDGTKGIFVSGREDTWNGASINLDELTFKAGETYSLGTAVMQDFESSVDFKLTLQYTDADGKENYDEVKTVTAAKGQWVDLSNSSYTIPSGATGLVLYVEVPESKTDFYMDGAYAGVKGTKPLISISSQSVDPPVTEPTNPTNPTGPSVTKWGDANCDGGVDLSDAIFIMQFLANPNKYGLTGTETNHMTNQGKVNGDVCEHGSGLTEDDAVSIQKYLIRAISELPESYLEGHDPSKTTTTTTRITTTTTTTTTTTTSKTTTTTTTTSPAMHGGYRDLGTPMNTSATMISDFRTGKAGDFFASDGWTNGKPFDCWWYKRNAVINDGCLQLSIDQKWTNDKNPDWDPRYSGGEFRTNNFYHYGYYECSMQAMKNDGVVSSFFTYTGPSDDNPWDEIDIEILGKNTTQVQFNYYTNGQGKHEKLYDLGFDSSEAYHTYGFDWQPNYIAWYVDGREVYRATQDIPKTPGKIMMNAWPGLTVDDWLKAFNGRTPLTAHYQWVTYNKNGVQHSSQGQNPWG
AHE13929.1,BMVTFSSLFLAASAAVLAVAAPGELPGMHKRQTLTSSQTGTHDGYYYSFWTDGAGNVRYTNGPGGQYSATWSGNGNWVGGKGWNPGSARTINYTGTYSPNGNSYLAVYGWTRNPLVEYYIVENFGTYDPSTGAQRLGSVNVDGSVYNIYQTTRTNAPSIEGTRTFKQYWSVRQNKRTGGSVNVGAHFNAWQQAGLQLGSHDYQIVATEGYFSSGSSTITVGGSSSGGGGGGNPGTGNPGGGSGGGSNCAAKWAQCGGQGWTGPTCCQSGSTCQAANQWYSQCL
P18429,AMFKFKKNFLVGLSAALMSISLFSATASAASTDYWQNWTDGGGIVNAVNGSGGNYSVNWSNTGNFVVGKGWTTGSPFRTINYNAGVWAPNGNGYLTLYGWTRSPLIEYYVVDSWGTYRPTGTYKGTVKSDGGTYDIYTTTRYNAPSIDGDRTTFTQYWSVRQSKRPTGSNATITFSNHVNAWKSHGMNLGSNWAYQVMATEGYQSSGSSNVTVW
P45705,AMKLKKKMLTLLLTASMSFGLFGATSSAATDYWQYWTDGGGMVNAVNGPGGNYSVTWQNTGNFVVGKGWTVGSPNRVINYNAGIWEPSGNGYLTLYGWTRNALIEYYVVDSWGTYRPTGNYKGTVNSDGGTYDIYTTMRYNAPSIDGTQTFQQFWSVRQSKRPTGSNVSITFSNHVNAWRSKGMNLGSSWAYQVLATEGYQSSGRSNVTVW
Q12579,MVSFKALLLGAAGALAFPFNVTQMNELVARAGTPSGTGTNNGYFYSFWTDGGGTVNYQNGAGGSYSVQWQNCGNFVGGKGWNPGAARTINFSGTFSPQGNGYLAIYGWTQNPLVEYYIVESFGTYDPSSQASKFGTIQQDGSTYTIAKTTRVNQPSIEGTSTFDQFWSVRQNHRSSGSVNVAAHFNAWAQAGLKLGSHNYQIVATEGYQSSGSSSITVS
Q59256,MFKFKKNFLVGLSAALMSISLFSATASAASTDYWQNWTDGGGIVNAVNGSGGNYSVNWSNTGNFVVGKGWTTGSPFRTINYNAGVWAPNGNGYLTLYGWTRSPLIEYYVVDSWGTYRPTGTYKGTVKSDGGTYDIYTTTRYNAPSIDGDRTTFTQYWSVRQTKRPTGSNATITFSNHVNAWKSHGMNLGSNWAYQVLATEGYQSSGSSNVTVW
Q9C1R2,MVHFTSVFAGLSLVAGSLAAPSKEGLFSKITKRAGTPNSSGTNNGFYYSWWSDGGADATYTNGEGGSYSMEWKDGGNVVGGKGWSPGKARTISYEGEYKPNGNSYLSVYGWTRNPLVEYYIVESFGTYNPSSGATKKGTVEADGSTYDIFETTRTNAPSIDGTQTFQQYWSVRQQHRSTGSVDTGLHFDAWEKAGMKLGTHDYQILATEGYFSSGSSHMTVSEGASSGGGAGGSTGGDASQGGDSQQGGDVQQGGDASQGGNGQQGGNGNSFQQPGSENQPQQQEIDTGANEPCQ
AAC60542.1,MKVTAASAGLLGHAFAAPVPQPVLVSRSAGINYVQNYNGNLADFTYDESAGTFSMYWEDGVSSDFVVGLGWTTGSSNAISYSAEYSASGSSSYLAVYGWVNYPQAEYYIVEDYGDYNPCSSATSLGTVYSDGSTYQVCTDTRTNEPSITGTSTFTQYFSVRESTRTSGTVTVANHFNFWAQHGFGNSDFNYQVMAVEAWSGAGSASVTISS
Q9UV68,CMKFLQIIPVLLSLTSTTLAQSFCSSASHSGQSVKETGNKVGTIGGVGYELWADSGNNSATFYSDGSFSCTFQNAGDYLCRSGLSFDSTKTPSQIGRMKADFKLVKQNISNVGYSYVGVYGWTRSPLVEYYIVDNWLSPSPPGDWVGNKKHGSFTIDGAQYTVYENTRTGPSIDGNTTFKQYFSIRQQARDCGTIDISAHFDQWEKLGMTMGKLHEAKVLGEAGNGNGGVSGTADFPYAKVYIGDGNGGGASPAPAGGAPAGGAPAGNDQPQGPQGQQPPQGQQPPQGQQPPQGQQPPQGQQPPQGNDQQGQQPPQGQQPPQGNDQHQGQHPPQPQGPQGGNPGGSDFNNWSQGGSPWGGNQGGSPWGGNQGGNPWGGNQGGSPWGGNQGGSPWGQGNQGGNPWGGNQGGSPWGGNQGGNPWGGNQWGAPQNAAAPQSAAAPQNASDGGNCASLWGQCGGQGYNGPSCCSEGSCKPINEYFHQCQK
P29127,AMRTIKFFFAVAIATVAKAQWGGGGASAGQRLTVGNGQTQHKGVADGYSYEIWLDNTGGSGSMTLGSGATFKAEWNASVNRGNFLARRGLDFGSQKKATDYSYIGLDYTATYRQTGSASGNSRLCVYGWFQNRGVQGVPLVEYYIIEDWVDWVSDAQGRMVTIDGAQYKIFQMDHTGPTINGGSETFKQYFSVRQQKRTSGHITVSDHFKEWAKQGWGIGNLYEVALNAEGWQSSGIADVTKLDVYTTQKGSNPAPTSTGTVPSSSAGGSTANGKKFTVGNGQNQHKGVNDGFSYEIWLDNTGGNGSMTLGSGATFKAEWNAAVNRGNFLARRGLDFGSQKKATDYDYIGLDYAATYKQTASASGNSRLCVYGWFQNRGLNGVPLVEYYIIEDWVDWVPDAQGKMVTIDGAQYKIFQMDHTGPTINGGSETFKQYFSVRQQKRTSGHITVSDHFKEWAKQGWGIGNLYEVALNAEGWQSSGVADVTLLDVYTTPKGSSPATSAAPRTTTRTTTRTKSLPTNYNKCSARITAQGYKCCSDPNCVVYYTDEDGTWGVENNDWCGCGVEQCSSKITSQGYKCCSDPNCVVFYTDDDGKWGVENNDWCGCGF
AEV59726.1,MKQKFMVIISTMVCLTVLFTMLTVNVQANVTITSNQTGTHGGYDYELWKDSGNTTMVLKDGGAFSCSWNNINNALFRKGKKYNETQTHQQIGNITMTYACDYRPNGNSYLSVYGWTVDPLVEYYIIESWGNWRPPGATSKGTITVDGGVYDIYETTRYNAPSIKGDTTFQQYWSVRREKKTSGTISVSQHFNEWERMGMKMGKMYEVALVVEGYQSSGSADVTSMSINVGNSGDPTPTPRPTPTRTPDNTKRNAFSTLEAEDFSDLGSSTIEIIGTSGGGSGIGYIENGDYVVYNNVDFGNGATSFKALVASGADTTTNIQLRAGSPTGTLLGTLAIKSTGGWNTYMEQSCNVNNITGVNDLYLVFTGPVNIDSFTFTSGGGNNTPEPTHNPSSLGDLNGDGSIDSTDLSLLKRHILNKNKLTGTNLANADVNSDNSVDSTDLTLVKRYILRKISTFPGQSQTSKPTEKPTPTPNVTSKPTVNPNAKLVALTFDDGPDNRLTGRVLDKLDKYGVKATFMMVGQRINDSTAATVKRVIDSGHEIGNHSWGYSGMGYMSTQDIKKSISDTNAAILKYSGTTPKFFRPPNLETSSNLFNAVDLTFVGGLTANDWIQSTTAEQRAAAILNGVRDGTIILLHDVQPEPHPTPEALDIIIPALKNQGYEFVTLSELFQLKGVQLNPSDNRMYNSVP
P33558,AMKRKVKKMAAMATSIIMAIMIILHSIPVLAGRIIYDNETGTHGGYDYELWKDYGNTIMELNDGGTFSCQWSNIGNALFRKGRKFNSDKTYQELGDIVVEYGCDYNPNGNSYLCVYGWTRNPLVEYYIVESWGSWRPPGATPKGTITQWMAGTYEIYETTRVNQPSIDGTATFQQYWSVRTSKRTSGTISVTEHFKQWERMGMRMGKMYEVALTVEGYQSSGYANVYKNEIRIGANPTPAPSQSPIRRDAFSIIEAEEYNSTNSSTLQVIGTPNNGRGIGYIENGNTVTYSNIDFGSGATGFSATVATEVNTSIQIRSDSPTGTLLGTLYVSSTGSWNTYQTVSTNISKITGVHDIVLVFSGPVNVDNFIFSRSSPVPAPGDNTRDAYSIIQAEDYDSSYGPNLQIFSLPGGGSAIGYIENGYSTTYKNIDFGDGATSVTARVATQNATTIQVRLGSPSGTLLGTIYVGSTGSFDTYRDVSATISNTAGVKDIVLVFSGPVNVDWFVFSKSGT
O87119,MRQKLLITFLILITFTVSLTLFPVNVRADVVITSNQTGTHGGYNFEYWKDTGNGTMVLKDGGAFSCEWSNINNILFRKGFKYDETKTHDQLGYITVTYSCNYQPNGNSYLGVYGWTSNPLVEYYIIESWGTWRPPGATPKGTITVDGGTYEIYETTRVNQPSIKGTATFQQYWSVRTSKRTSGTISVTEHFKAWERLGMKMGKMYEVALVVEGYQSSGKADVTSMTITVGNAPSTSSPPGPTPEPTPRSAFSKIEAEEYNSLKSSTIQTIGTSDGGSGIGYIESGDYLVFNKINFGNGANSFKARVASGADTPTNIQLRLGSPTGTLIGTLTVASTGGWNNYEEKSCSITNTTGQHDLYLVFSGPVNIDYFIFDSNGVNPTPTSQPQQGQVLGDLNGDKQVNSTDYTALKRHLLNITRLSGTALANADLNGDGKVDSTDLMILHRYLLGIISSFPRSNPQPSSNPQPSSNPQPTINPNAKLVALTFDDGPDNVLTARVLDKLDKYNVKATFMVVGQRVNDSTAAIIRRMVNSGHEIGNHSWSYSGMANMSPDQIRKSIADTNAVIQKYAGTTPKFFRPPNLETSPTLFNNVDLVFVGGLTANDWIPSTTAEQRAAAVINGVRDGTIILLHDVQPEPHPTPEALDIIIPTLKSRGYEFVTLTELFTLKGVPIDPSVKRMYNSVP
Q6QHA2,MTKYRLGIGIFILLVCCFSAACIVPKQQEEQKVAPTELTGAITFTANSNGNKPLNGSPYGYEIWTQGGTNNKLIWFGPDQGGGAAFRAEWNNPNDFLGRVGFYWGNGGKYTEYKNMYADFSYTRSGRNTAGNYSYIGIYGWARNPNAAKEEDKLIEYYIVEDWFGNQWQEDSSPITTNTTSGTVLGSFTIDGAVYNVVRNVRVQQPSIDGTKTFTQYFSIRQTPRQSGTISITGHFRQWESMGLQLGNMYEAKFLVEAGGGTGWLEFSYLKLTMEDSLR
AAE62344.1,USMARLSQFLLACALAVKAFAAPAAEPVEERGPNFFSALAGRSTGSSTGYSNGYYYSFWTDGASGDVEYSNGAGGSYSVTWSSASNFVGGKGWNPGSAHDITYSGSWTSTGNSNSYLSVYGWTTGPLVEYYILEDYGEYNPGSAGTYKGSVYSDGSTYNIYTATRTNAPSIQGTATFTQYWSIRQTKRVGGTVTTANHFNAWAKLGMNLGTHNYQIVATEGYYSSGSASITVAERADILLRYMLYLWHRFCDGNEWMRKLACSYMSRVVVSEFGALDFELFFIQSQPPVSQQVKKKKK
B2CZF9,VAVEKRQTIQPGTGYNNGYFYSYWNDGHGGVTYTNGPGGQFSVNWSNSGNFVGGKGWQPGTKNKVINFSGSYNPNGNSYLSVYGWSRNPLIEYYIVENFGTYNPSTGATKLGEVTSDGSVYDIYRTQRVNQPSIIGTATFYQYWSVRRNHRSSGSVNTANHFNAWAQQGLTLGTMDYQIVAVEGYFSSGSASITVS
ADQ44997.1,MRFKKFLKVLIAVLMCFVLGNPFYAQAAITLTSNASGTYDGYYYELWKDSGNTTMTVDTGGRFSCQWSNINNALFRTGKKFSTAWNQLGTVKITYSATYNPNGNSYLCIYGWSRNPLVEFYIVESWGTWRPPGATSLGTVTIDGGTYDIYKTTRVNQPSIEGTTTFDQYWSVRTSKRTSGTVTVTDHFKAWAAKGLNLGTIDQITLCVEGYQSSGSANITQNTFSITNDSTGGGSTTPTTTKVECENMSLSGQYASKISSPFSGVALYANNDKAYYTQYFANSTHTFSLRGCSSNSNRAAVDLRIGGTKVGTFYFTGTTPTVQTLSNISHPTGNQTIELVVTSDNGTWDVYLDYLEIK
Q58G72,MNLKRLRLLFVMCIGFVLTLTAVPAHAETIYDNRIGTHSGYDFELWKDYGNTSMTLNNGGAFSASWNNIGNALFRKGKKFDSTKTHHQLGNISINYNAAFNPGGNSYLCVYGWTQSPLAEYYIVESWGTYRPTGTYKGSFYADGGTYDIYETLRVNQPSIIGDATFKQYWSVRQTKRTSGTVSVSEHFKKWESLGMPMGKMYETALTVEGYRSNGSANVMTNQLMIR
P55331,AMKVTAAFAGLLVTAFAAPAPEPDLVSRSAGINYVQNYNGNLGDFTYDESAGTFSMYWEDGVSSDFVVGLGWTTGSSNAITYSAEYSASGSASYLAVYGWVNYPQAEYYIVEDYGDYNPCSSATSLGTVYSDGSTYQVCTDTRTNEPSITGTSTFTQYFSVRESTRTSGTVTVANHFNFWAHHGFGNSDFNYQVVAVEAWSGAGSASVTISS
AGK45632.1,MQFLIPVVILCVSLVDSQKVLYNNEIGFNNGFYYAFWKDSGSATFTLESGGRYAGNWTTSTNNWVGGKGWNPGNSWRTVNYSGYYGINEYANSYLSLYGWTTNPLIEYYVVESYGSYSPLNCPGGTDEGSFTSGGATYQVRKCRRTNAPSIIGTQSFDQYFSVRTPKKGFGQVSGSVNFADHVQYWASRGLPLGTHAHQIFATEGYQSSGFADITVS
P55332,AFGSCATCCCBSNRRLMVSFKSLLVLCCAALGAFATPVGSEDLAAREASLLERSTPSSTGWSNGYYYSFWTDGGGDVTYTNGAGGSYTVQWSNVGNFVGGKGWNPGSTRTINYGGSFNPSGNGYLAVYGWTQNPLIEYYIVESYGTYNPGSGGQHRGTVYSDGATYDIYTATRYNAPSIEGTATFEQFWSVRQSKRTGGTVTTANHFNAWAALGMRLGTHNYQIVATEGYQSSGSASITVY
AEP40124.1,NCLMRQKKLTFILAFLVCFALTLPAEIIQAQIVTDNSIGNHDGYDYEFWKDSGGSGTMILNHGGTFSAQWNNVNNILFRKGKKFNETQTHQQVGNMSINYGANFQPNGNAYLCVYGWTVDPLVEYYIVDSWGNWRPPGATPKGTITVDGGTYDIYETLRVNQPSIKGIATFKQYWSVRRSKRTSGTISVSNHFRAWENLGMNMGKMYEVALTVEGYQSSGSANVYSNTLRINGNPLSTISNDESITLDKNN
A44598,AAGINYVQNYNGNLGYFTYNEGAGQFSMYT
Q6QHA1,MKKLAAALSLAITFAVPTIVQAQGPTWTTSTIQKYNNYDYELWNENNQGTVSMKLTGDNGTAANAVGGTFESTWSGTKNVLFRSGRKFTGTSGQSVDGGGAGKTASAYGNISINFAATWSSGDDVKMLGVYGWAFYALPSVPDKQENGTSTNFSNQIEYYIIQDRGSYNSATGGTNSKKYGEATIDGIAYEFRVCDRIGQPMLTGNGNFKQYFSVPKSTINHRTSGTISVSKHFEEWEKVGMKMDGPLYEVAMKVESYSGNGNSNGNAKITKNILTIGGTTTTQSSSSGGSTVPDECGEYKKSFCGGLGYGSVYSNLTAIPSTGDCLYIGDFEVIQPALNSTVAINGVENTCGSEWSDCPYNDKPDSKKDGGYYVYVKTGSINNYENNGWQNIVAKAKPACTPPSSSSGAAPGSSSSDEEDPEPILKNRIPITHFSLQTLSDKALRIEVNAPTIVDIFDLRGNKVKSLNVYGSQRVKLSLPSGVYFAKVRGMKSVRFVLR
Q9HEY9,MVSFNSLLVAVSAATCALAFPFEFHNGTHVFPRQSTPAGTGTNNGYFYSFWTDGGGSVTYNNGPAGEYSVTWSNADNFVAGKGWNPGSAQAISFTANYQPNGNSYLSVYGWSTNPLVEYYILEDFGTYNPAVSLTHKGTLTSDGATYDVYEGTRVNEPSIQGTATFNQYWSIRSSKRSSGTVTTANHFAAWKQLGLPLGTFNYQIVATEGYQSSGSSTVTVNPAGGVTSPTAPTGPSSVSTTPSGPSSSPSPVGSCAALYGQCGGQGWTGPTCCSSGTCKFSNNWYSQCL
E7EF85,BMISLSSVAIALTTVVGALALPSDQSVNLAARQAITSSQTGTNNGYYYSFWTNGAGSVSYSNGAAGQFSVNWANQGGGDFTCGKGWNPGKAQDISFSGTFTPNGNAYLSIYGWTTGPLVEYYILENFGSYNPGNGMTHVGTLTSDGSDYDIYKHTQVNQPSIVGTSTFDQYWSIRKNKRSSGTVTTANHFSAWASHGMNLGSHNYQILSVEGYQSSGSASMTVSAGSSSSGGSGSGSGSGSGSGSGSGSQTTTAGSSTGTGTGSGSGSGSGGSGGNCAAQWGQCGGQGWNGPTCCSSGTCKASNQWYSQCL
Q06RH9,MNLRKLRLLFVMCIGLTLILTAVPARARTITNNEMGTHSGYDYELWKDYGNTSMTLNNGGAFTAGWNSIGNALFRKGKKFDSTKTHHQLGNISINYNANFNPGGNSYLCVYGWTQSPLAEYYIVDSWGTYRPTGAYKGSFSADGDTYDIYETTRVNQPSIIGIATFKQYWSVRQTKRTSGTVSVSAHFNKWESLGMPMGKMYETAFTVEGYQSSGSANVMTNQLFIGN
Q52644,MRNNFKMRVMAGVAAVICLAGVLGSCGNSSDKDSSSKKSADSAKADSNKDSKNGQVFTKNARGTSDGYDYELWKDKGDTEMTINEGGTFSCKWSNINNALFRRGKKFDCTKTYKELGNISVKYGVDYQPDGNSYMCVYGWTIDPLVEFYIVESWGSWRPPGAAESLGTVTVDGGTYDIYKTTRYEQPSIDGTKTFDQYWSVRQDKPTGDGTKIEGTISISKHFDAWEQVGLTLGNMYEVALNIEGYQSNGQATIYENELTVDGNYSADPAPEVKKSSDEKEPEPQSTNGAGLFTADFESDECGWTSRGSAAVAQNTDEASEGRGSLFVSGRTDNWNGASIELDSGTFKQGSTYSFKTDAMQKSGKEATLKFTMQYTAADGDHYDQIAQQTAPDGEWITLEGDYTIPDDATKLVLYVESPDSLTDFYIDNASATGDGSEPAKTADDKKEEAEYTFSDPVAVSNTADISWIDKDKPMVAIAFDDGASAAKKGDPAYRIIDTMADNGFHATFFYIGSQIKTEEQVKYAHEKGMETANHTMTHPYLSKLKPAEIRDEYEKCREKLKGIIGEEPSALMRLPYLDGGGDTTRTLNDVALISCSVDTKDWNKATSDKIVDTIKKAKDNGSLNGAIVLCHENYAATAEAMEEIVPWLKDEGWQVVTVSELFAANGKELMGGKIYSKLS
ADU33366.1,MAQTTTWTRSQTGTVNGYDYELWSQDNKGTFPMKITGDDGKGAGKVGGTFEAQWSNTQNVLFRSGRKFSTTSGGTINGREAAKPAAQWGNITVDFAATWSSPDDVKMLGVYGWAFFAQGSVPTKQENGTNSNFSNQIEYYIIQDRGSYNSATQGTNSKKYGEATIDGIVYELRVCDRIGQPMLTGNGNFKQYFSVPKNTSSHRQSGIISVSKHFEAWAAAGMKMDGNLYEVAMKVESYKQSGASGSAKVTKNILTVGGDPNNFTLTTTASPAVGGTITKTPNSASHAPNANVSITAVPAEGWAFNGWSGGASGTNATTSVTMNADKNVTANFKPVGVSTTSILKDGNFPAGSIGTSWTLNTGTNYGNSAATSSISGGKATINVTTIGEQTYQPQLIQKGVALDEGMKYRLTFTASATAPRSMSVDIQKDGSVDGSNEYTSYAANDFDLTTTPQEFKFEFEMKNADDPAAQFAFNLGAAATGVTLSEVKLVHIAEFEPEVMVTLTFDANEGTMQGVNSITVAQGAAIGTLPIPTRTGYSFRGWFDSKNVEYTADTKLTADVTVIASWKEEKDLSGLTKQVSDLQEQIDVLTSETENLQQLLDDCSK
Q0Q592,MVAFSSNLLALGSATAALASPLNLILEAQAQEESANLTARATPAGTGMNNGFFYSFWTDGQGQVTYNNGAAGKYDVQWSNVGNFVAGKGWNPGSERVVTYSGTWNAANVNSYISLYGWTRNPLIEYYIVESYGSYNPSSAAQKKGSVTSDGGTYDILQTTRTNQPSIDGTATFQQFWSVRTSKRVGGTITVKNHFDAWAKYGQKLGTHNYQILATEGYQSSGSASITVEGP
D2XV89,MVAFTSLLAGFTAITGVLSAPTEVEVVDVEKRQTIGPGTGTNNGYYYSYWNDGHAGVTYTNGASGSFSVNWVNSGNFVGGKGWNPGSSTRTINYSGSYNPNGNSYLSVYGWSKNPLIEYYIVENFGTYNPSTGTTKLGEVTSDGSVYDIYRTQRVNQPSIIGTATFYQYWSVRRNHRSSGSVNVGNHFNAWRNLGLTLGQLDYQILAVEGYFSSGNANINVS
Q00350,MVSFKSLLLAAVATTSVLAAPFDFLRERDDVNATALLEKRQSTPSAEGYHNGYFYSWWTDGGGSAQYTMGEGSRYSVTWRNTGNFVGGKGWNPGSGRVINYGGAFNPQGNGYLAVYGWTRNPLVEYYVIESYGTYNPSSGAQIKGSFQTDGGTYNVAVSTRYNQPSIDGTRTFQQYWSVRTQKRVGGSVNMQNHFNAWSRYGLNLGQHYYQIVATEGYQSSGSSDIYVQTQ
B3PIN0,MKIFQNTKNVIVSIAWAAALCTSAVSAQTLTSNSTGTNNGFYYTFWKDSGDASMTLLSGGRYQSSWNSSTNNWVGGKGWNPGSSSRVISYSGYYGVDSSQNSYLALYGWTRSPLIEYYVIESYGSYNPASCSGGTDYGSFQSDGATYNVRRCQRVNQPSIDGNQTFYQYFSVRNPKKGFGNISGTITFANHANFWASKGLNLGNHNYQVLATEGYQSRGSSDITVSQGGSSGGGNSSSSSSASGGGSKIIVVRARGTAGGESITLRVGNTNVATWTLTTTMTNYTATTSASGGSLVQYTNDSGNRDVQVDYISVNGSIRQSEDQTYNTGVYQNGSCGGGNGRSEWLHCNGAIGYGDI
Q9RMM4,MNTLVHPQGRAGGLRLLVRAAWALALAALAAMMFGGTARADTITSNQTGTHNGYFYSFWTDAPGTVTMNTGAGGNYSTQWSNTGNFVAGKGWATGGRRTVTYSGTFNPSGNAYLALYGWSQNPLVEYYIVDNWGTYRPTGTYKGTVYSDGGTYDIYMTTRYNAPSIEGTKTFNQYWSVRQNKRTGGTITTGNHFDAWAAHGMPLGTFNYMILATEGYQSSGSSNITVGDSGGDNGGGGGGGGGGGNTGGCTATLSAGEQWSDRYNLNVSVSGSDNWTVTMRVPAPEKVMATWNVTASYPDAQTLVARPNGNGNNWGVTIQKNGSTTWPTVSCSVG
Q01426,MKMVLGVLMVKNGVVVVPAVHPLVVVTMLHQVVVDTKVLMELTSVTTLSTLAESVKVTSNKVGDINGIGYELWADSGNNSATFYDDGSFSCSFQRAKDYLCRSGLSFDSTKTHKQIGHIYAEFKLVKQNIQNVDYSYVGIYGWTRNPLVEFYVVDNWLSQWRPGDWVGNKKHGDFTIDGAQYTVYENTRYGPSIDGDTNFKQYFSIRQQPRDCGTIDITAHFEQWEKLGMTMGKMHEAKVLGEAGSNNGGTSGTADFPFAKVYVKN
Q9AJB4,MKKPVSKRIASAFVGGVLMVSPIISSVTASAAKTLTTSPSHTQEVGWYNDYHHEIWQADTPNSSTMTLHDNDGGFSTQWKCGPNNSRGNFLARRGLYWGLNNPKTYKDYKPLYCDYDCSWYAGSSGNSRICIYGWAQNPLVEYYIIEDWKNWSPAQDGSAQYKGQTTIDGSVFKVYTTSRNSYTIEANKNFTQYISIRQNLRTKGTISVSEHFKAWESMGMKMGNLYEVAFNVEGWESDGQADVTLNMYEGESGYHPDPEPEESEIEGTLYSATFENGTNYWSGRGSASVASSSSKAYEGSKSLYVSGRTDNWNGGEVEVNTSTFKPGNSYSFSAMVNPAESTTVQLSMQYDQNGTTKYTQIAEGSCTAGKWTKLENTSFTIPSGASNVKMYVEAPDSLCDIYVDRAIIADKGYVASGDTPVYNNANVPSNVKMEYNSQYKQMKFTWDAVNGADKYGIAVYLAGKWRVQDSNISGTSYTTPKGLTPGMSYKVAIAARVNGKWDTTAAIDNYVVVTTRSYNNIQYHTPSNTNTNTNTNTNTNTNNNQQPETSSYNYASNMQFKEAPGYYFNSCSQAGKVVKESYNGINGYNSLNVYLPYGYDSSKKYNIFYLMHGGGENENTLFYQDDTMMQNLFDNMIKNGELDPLIVVTPTFNKTEAGKFYNEFRQSVVPFVEGKYSTYAGRNTSQSSLQASRMHRAYGGFSMGGVSTWAVMENCLDIVGYFMPLSGDHWNGNSGYDKAKSIANAIDRSGLQKNQYFIFAATGSDDIAYPNVNPQINEMKKMSQFVYTSDFSKGNLYFLVASGKTHWWGYVRHYVYDALPSFFHEGQ
D7F2D8,MFKFKKKFLVGLTAAFMSISMFSATASAAGTDYWQNWTDGGGTVNAVNGSGGNYSVNWSNTGNFVVGKGWTTGSPFRTINYNAGVWAPNGNGYLTLYGWTRSPLIEYYVVDSWGTYRPTGTYKGTVKSDGGTYDIYTTTRYNAPSIDGDNTTFTQYWSVRQSKRPTGSNAAITFSNHVNAWKSHGMNLGSNWAYQVLATEGYKSSGSSNVTVW
P77853,MFLKKLSKLLLVVLLVAVYTQVNAQTSITLTSNASGTFDGYYYELWKDTGNTTMTVYTQGRFSCQWSNINNALFRTGKKYNQNWQSLGTIRITYSATYNPNGNSYLCIYGWSTNPLVEFYIVESWGNWRPPGATSLGQVTIDGGTYDIYRTTRVNQPSIVGTATFDQYWSVRTSKRTSGTVTVTDHFRAWANRGLNLGTIDQITLCVEGYQSSGSANITQNTFSQGSSSGSSGGSSGSTTTTRIECENMSLSGPYVSRITNPFNGIALYANGDTARATVNFPASRNYNFRLRGCGNNNNLARVDLRIDGRTVGTFYYQGTYPWEAPIDNVYVSAGSHTVEITVTADNGTWDVYADYLVIQ
Q1XGE6,MFKFGKKLLTVVLAASMSFGVFAATSSAATDYWQNWTDGGGTVNAVNGSGGNYSVNWQNTGNFVVGKGWTYGTPNRVVNYNAGVFSPSGNGYLTFYGWTRNALIEYYVVDNWGTYRPTGTYKGTVNSDGGTYDIYTTMRYNAPSIDGTQTFPQYWSVRQTKRPIGVNSTITFSNHVNAWASKGMYLGNSWSYQVMATEGYQSSGSSNVTVW
Q9RC94,MKQVKIMFLMTMFLGIGLLFFSENAEAAITSNEIGTHDGYDYEFWKDSGGSGSMTLNSGGTFSAQWSNVNNILFRKGKKFDETQTHQQIGNMSINYGATYNPNGNSYLTVYGWTVDPLVEFYIVDSWGTWRPPGGTPKGTINVDGGTYQIYETTRYNQPSIKGTATFQQYWSVRTSKRTSGTISVSEHFRAWESLGMNMGNMYEVALTVEGYQSSGSANVYSNTLTIGGQSGGEQATRVEAESMTKGGPYTSNITSPFNGVALYANGDNVSFNHSFTKANSSFSLRGASNNSNMARVDLRIGGQNRGTFYFGDQYPAVYTINNINHGIGNQLVELIVTADDGTWDAYLDYLEIR
P36217,ATCCBCRCNRRLMVSFTSLLAGVAAISGVLAAPAAEVESVAVEKRQTIQPGTGYNNGYFYSYWNDGHGGVTYTNGPGGQFSVNWSNSGNFVGGKGWQPGTKNKVINFSGSYNPNGNSYLSVYGWSRNPLIEYYIVENFGTYNPSTGATKLGEVTSDGSVYDIYRTQRVNQPSIIGTATFYQYWSVRRNHRSSGSVNTANHFNAWAQQGLTLGTMDYQIVAVEGYFSSGSASITVS
P26220,CMQQDGTQQDRIKQSPAPLNGMSRRGFLGGAGTLALATASGLLLPGTAHAATTITTNQTGTDGMYYSFWTDGGGSVSMTLNGGGSYSTQWTNCGNFVAGKGWSTGDGNVRYNGYFNPVGNGYGCLYGWTSNPLVEYYIVDNWGSYRPTGTYKGTVSSDGGTYDIYQTTRYNAPSVEGTKTFQQYWSVRQSKVTSGSGTITTGNHFDAWARAGMNMGQFRYYMIMATEGYQSSGSSNITVSG
AGS16702.1,MVSTKTLLLAASTIVSVFSAPAPAPVSPNLNVPERRLTTSSTGTSGGYYYSFWTDGSGGVTYSNGAGGNYAVSWTGNKGNFVAGKGWAVGSARSITYTANYKPSGDSYLSVYGWTTSPLIEYYIVEDFGTYDPSSAATEIGSVTSDGSVYKILETTRTNQPSVQGTATFKQYWSVRVNKRTSGTVTTANHFAAWKKLGLQLGSTYNYQIVAVEGYQSSGSASVTVS
AEH57194.1,MVGFTPVALAALAATGALAFPAGNATELEKRQTTPNSEGWHDGYYYSWWSDGGAQATYTNLEGGTYEISWGDGGNLVGGKGWNPGLNARAVRVPQDRNRIVIRPRSFESLKAFLTPTSLTCTQIHFEGVYQPNGNSYLAVYGWTRNPLVEYYIVENFGTYDPSSGATDLGTVECDGSIYRLGKTTRVNAPSIDGTQTFDQYWSVRQDKRTSGTVQTGCHFDAWARAGLNVNGDHYYQIVATEGYFSSGYARITVADVG
CAA01470.1,MKVTAAFAGLLVTAFAAPVPEPVLVSRSAGINYVQNYNGNLGDFTYDESAGTFSMYWEDGVSSDFVVGLGWTTGSSKAITYSAEYSASGSSSYLAVYGWVNYPQAEYYIVEDYGDYNPCSSATSLGTVYSDGSTYQVCTDTRTNEPSITGTSTFTQYFSVRESTRTSGTVTVANHFNFWAQHGFGNSDFNYQVMAVEAWSGAGSASVTISS
Q8J1V4,MVKLALLTTSLLTSGALTSPVSNPNRPPSRDISPRQWGGGGYYFQNWSEGGSNVRCVNGPGGQFSATWNSKGGFVCGKGWSAGGARVITYSGTYNATGPGYLAVYGWTRNPLIEYYIIEAHAELSPNEPWTYMGNFSSPEGDYDIYTSWRINKPSIEGTRTFQQFWSVRKEQRVSGTVTTQRHFDEWAKLGMRLGRHDYVVMAVEGYTADGGWGSAGEATITVQ
D1FNQ6,MDRNDAPTPQPMSRRGFIGRAGALAVATSGLMLPATGIAHAQTVTSNQTGNHNGFYYSFWTDAPGTVSMTMGSGGNYSTSWRNTGNFVCGKGWANGSRRTVRYSGSFNPSGNGYLCLYGWTSNPLVEYYIVDNWGTYRPTGEYRGTVSSDGGTYDIYKTTRYNQPSVEGTRTFDQYWSVRQQKKTGGTITTGNHFDAWSRAGLRMGSFNYYMIMATEGYQSSGSSNITVS
E2CWV9,MKLFLAAFVLCATAMTAFPSELAQRAAGDLSKTQSITTYESGTNNGYYYTTWTNGGGEVTYTNGDNGEYSVTWVDCGDFTSGKGWNPANAQTVTYSGEFNPSGNAYLAVYGWTTLVEFFLHLIWTYFWPGHHLPANQPEFGNSHLQPVLVREARRNCHHGQLCSMWTGDCVHNSDHNYQIVATEAWYSSGSATIVAS
Q2PGY1,AMPSLTSLFSFFALASGAFSATADLSKRESYTSSSTGTSNGYYYSFWTDGQGDITYSNGAAGEYSVTWSGDGNFVAGKGWNPGGSREVTFKGSYNPNGNSYLSVYGWTQNPLIEFYIVEDFGTYNPSSGATKKGTVTSDGSVYDIYTSERVNQPSIEGTATFTQYWSVRQNKRSEGTVTTGNHFNAWKNLGMDLGSFNYMIVATEGYYSSGSADITVS
D9SP57,ATCCDSMOCMMKQKMRIVFSMLMCITILLASSAVGVLAATKTITSNETGNFEGYDYEYWKDNGTGTMTLTGGGTFSCSWSNINNILFRTGKKLGSTKTYKDYGKISINYDCNYQPNGNSYMAVYGWTEDPLVEYYIIDSYGTWNPGSNSTLKGTTTVDGRTYQIYQNSRTGPSIKGNNTTFQQYWSICTSKRTSGTITVSDHFKAWENLGMKMGKMYEVSMVVEGYQSSGKADMTKMDLIMGDTPPVIVDQPTPEKLLGDVDNNGTVNALDLAIYKKFLLGMIPSLPATGDVDQNGRMNAIDFAMIKQHLLGIIKLGKLPTTSEDPNKKLVALTFDDGPSSQTGLVLDKLKKYNAKATFMVIGNKISSADAIMKRIVSEGHEIGNHGWSYDSMANMSASQITQEINQCNSAIKQYTGSDPKFFRPANLATSQTLFQTVKLPFVQGVIAQDWNGASATTAEARAQLVLNGTQDGSIVLMHCTQPGYHPTPEALDIIIPQLQQQGYSFVTLSDLFKLKGKTPQLGTMLNGAF
P87037,BATCCRIBMVSFSSLLLAVSAVSGALAAPGDSTLVELAKRAITSSETGTNNGYYYSFWTNGGGDVEYTNGNGGQYSVKWTNCDNFVAGKGWNPGSAKTVTYSGEWESNSNSYVSLYGWTQNPLVEYYIVDKYGDYDPSTGATELGTVESDGGTYKIYKTTRENAPSIEGTSTFNQYWSVRQSGRVGGTITAQNHFDAWANVGLQLGTHNYMILATEGYKSSGSATITVE
Q6UN40,MVNFSTLFLAASTAALAAAAPSIEKRQTLTSSATGIHNGYYYSFWTDGQGNIRFNLESGGQYSVTWSGNGNWVGGKGWNPGIDNRVINYTADYRPNGNSYLAVYGWTRNPLIEYYVVESFGTYDPSTGATRMGSVTTDGGTYNIYRSQRVNAPSIEGTSTFYQYWSVRTAKRTGGTVTMANHFNAWRQAGLQLGTHDYQIVATEGYYSSGSATVNVGGSATGGGNNGGGNNGGGNNGGGNNGGGNGGANVSISKPMRVEKLTMLAIA
AEO63680.1,NRRLMVHFSILALATSLLVPGVLTAPAAEPAVAIQRRFDGTAFNNWSEGGSNIRCVNGPGGSFTANWNSKGGFVCGKGWNGQGARSITFTGTYNATGPGYLSIYGWTTNPLIEYYIVENHADLAPNEPWTLKGNVTSDGGTYDIYTATRINQPSIVGTATFQQFWSVRREKRTGGTVTTPTHFAAWKALGMNLGTYNSVIVAVEGYTAKGGSGSSGSASITVQ
Q9F9B9,MFKSSKKLLTVVLAASMSFGFFASTSNAATDYWQNWTDGGGTVNAVNGSGGNYSVTWKNSGNFVVGKGWTTGSPDRTINYNAGVWAPSGNGYLALYGWTRNSLIEYYVVDSWGTYRPTGTYKGTVTSDGGTYDIYTTMRYDAPSIEGQKTTFIQYWSVRQTKRPTGGNSTITFSNHVKAWARQGMHLGNNWSYQVLATEGYQSSGSSNVTVW
CAE84532.1,KVLLAALMCVVLANPFYAQAAMTFTSNATGTYDGYYYELWKDTGNTTMTVDTGGRFSCQWSNINNALFRTGKKFSTAWNQLGTVKITYSATYNPNGNSYLCIYGWSRNPLVEFYIVESWGSWRPPGATSLGTVTIDGATYDIYKTTRVNQPSIEGTRTFDQYWSVRTSKRTSGTVTVTDHFKAWAAKGLNLGTIDQITLCVEGYQSSGSANITQNTFTIGGSSSGSSNGSNNGSNDGSNGGTNAGISTASRIECESMSLSGPYVSRITYPFNGIALYANGDRATANVNFSASRNYTFKLRGCGNNNNLASVDLLIDGKKVGSFYYKGTYPWEASINNVYVSAGTHRXELVLSADNGTWDVYADYLLIQ
AAF14365.1,MKFLQIIPVLLSLTSTTLAQSFCSSASHSGQSVKETGNKVGTIGGVGYELWADSGNNSATFYSDGSFSCTFQNAGDYLCRSGLSFDSTKTPSQIGRMKADFKLVKQNISNVGYSYVGVYGWTRSPLVEYYIVDNWLSPSPPGDWVGNKKHGSFTIDGAQYTVYENTRTGPSIDGNTTFKQYFSIRQQARDCGTIDISAHFDQWEKLGMTMGKLHEAKVLGEAGNGNGGVSGTADFPYAKVYIGDGNGGGASPAPAGGAPAGGAPAGNDQPQGPQGQQPPQGQQPPQGQQPPQGQQPPQGQQPPQGNDQQGQQPPQGQQPPQGNDQHQGQHPPQPQGPQGGNPGGSDFNNWSQGGSPWGGNQGGSPWGGNQGGNPWGGNQGGSPWGGNQGGSPWGQGNQGGNPWGGNQGGSPWGGNQGGNPWGGNQWGAPQNAAAPQSAAAPQNASDGGNCASLWGQCGGQGYNGPSCCSEGSCKPINEYFHQCQK
Q9RI72,CATCCMQQDGTQQDRIKQSPAPLNGMSRRGFLGGAGTLALATASGLLLPGTAHAATTITTNQTGTDGMYYSFWTDGGGSVSMTLNGGGSYSTQWTNCGNFVAGKGWSTGGRRTVRYNGYFNPSGNGYGCLYGWTSNPLVEYYIVDNWGSYRPTGTYKGTVSSDGGTYDIYQTTRYNAPSVEGTKTFQQYWSVRQSKVTSGSGTITTGNHFDAWARAGMNMGQFRYYMIMATEGYQSSGSSNITVSG
AAQ46967.1,USMKVTAAFAGLLVTAFAAPVPEPVLVSRSAGINYVQNYNGNLGDFTYDESAGTFSMYWEDGVSSDFVVGLGWTTGSSNAITYSAEYSASGSSSYLAVYGWVNYPQAEYYIVEDYGDYNPCSSATSLGTVYSDGSTYQVCTDTRTNEPSITGTSTFTQYFSVRESTRTSGTVTVANHFNFWAQHGFGNSDFNYQVMAVEAWSGAGSASVTISS
Q56265,MNHAPASLKSRRRFRPRLLIGKAFAAALVAVVTMIPSTAAHAAVTSNETGYHDGYFYSFWTDAPGTVSMELGPGGNYSTSWRNTGNFVAGKGWATGGRRTVTYSASFNPSGNAYLTLYGWTRNPLVEYYIVESWGTYRPTGTYMGTVTTDGGTYDIYKTTRYNAPSIEGTRTFDQYWSVRQSKRTSGTITAGNHFDAWARHGMHLGTHDYMIMATEGYQSSGSSNVTLGTSGGGNPGGGNPPGGGNPPGGGGCTATLSAGQQWNDRYNLNVNVSGSNNWTVTVNVPWPARIIATWNIHASYPDSQTLVARPNGNGNNWGMTIMHNGNWTWPTVSCSAN
B8YQ34,ATVAKAQWGGGASAGQRLSVGGGQNQHKGVSDGFSYEIWLDNTGGSGSMTLGSGATFKAEWNAAVNRGNFLARRGLDFGSQKKATDYSYIGLDYAATYRQTASASGNSRLCVYGWFQNRGVQGVPLVEYYIIEDWVDWVPDAQGKMVTIDGAQYKIFQMDHTGPTINGGSETFKQYFSVRQQKRTSGHITVSDHFKEWAKQGWGIGNLYEVALNAEGWQSSGIADVTKLDVYTTQKSSNLTTVPRVTRTTARTTVRTTTRTKTLPTN
Q59257,MKQVKIMFLMTMVLGIGLLFFSENAEAAITSNEIGTHDGYDYEFWKDSGGSGSMTLNSGGTFSAQWSNVNNILFRKGKKFDETQTHQQIGNMSINYGATYNPNGNSYLTVYGWTVDPLVEFYIVDSWGTWRPPGGTPKGTINVDGGTYQIYETTRYNQPSIKGTATFQQYWSVRTSKRTSGTISVSEHFRAWESLGMNMGNMYEVALTVEGYQSSGSANVYSNTLTIGGQSGGEQATRVEAESMTKGGPYTSNITSPFNGVALYANGDNVSFNHSFTKANSSFSLRGASNNSNMARVDLRIGGQNRGTFYFGDHYPAVYTINNVNHGTGNQLVELIVTADDGTWDAYLDYLEIR
Q9KEF3,ATCCDSMFERMJCMMFKFVTKVLTVVIAATISFCLSAVPASANTYWQYWTDGGGTVNATNGPGGNYSVTWRDTGNFVVGKGWEIGSPNRTIHYNAGVWEPSGNGYLTLYGWTRNQLIEYYVVDNWGTYRPTGTHRGTVVSDGGTYDIYTTMRYNAPSIDGTQTFQQFWSVRQSKRPTGNNVSITFSNHVNAWRNAGMNLGSSWSYQVLATEGYQSSGRSNVTVW
AAB29346.1,IIMVSFTSLLAGVAAISGVLAAPAAEVESVAVEKRQTIQPGTGYNNGYFYSYWNDGHGGVTYTNGPGGQFSVNWSNSGNFVGGKGWQPGTKNKVINFSGSYNPNGNSYLSVYGWSRNPLIEYYIVENFGTYNPSTGATKLGEVTSDGSVYDIYRTQRVNQPSIIGTATFYQYWSVRRNHRSSGSVNTANHFNAWAQQGLTLGTMDYQIVAVEGYFSSGSASITVS
Q43993,MFKFGKKLMTVVLAASMSFGVFAATSSAATDYWQNWTDGGGTVNAVNGSGGNYSVSWQNTGNFVVGKGWTYGTPNRVVNYNAGVFAPSGNGYLTFYGWTRNALIEYYVVDSWGTYRPTGTYKGTVNSDGGTYDIYTTMRYNAPSIDGTQTFPQYWSVRQSKRPTGVNSTITFSNHVNAWPSKGMYLGNSWSYQVMATEGYQSSGNANVTVW
Q84F19,MFKFTKKFLVGLTAALMSISLFSANASAANTDYWQNWTDGGGTVNAVNGSGGNYSVNWSNTGNFVVGKGWTTGSPFRTINYNAGVWAPNGNAYLTLYGWTRSPLIEYYVVDSWGTYRPTGTYKGTVYSDGGTYDVYTTTRYDAPSIDGDKTTFTQYWSVRQSKRPTGSNATITFSNHVNAWKRYGMNLGSNWSYQVLATEGYQSSGSSNVTVW
Q2I6W5,MKIYGKRRNVVMKTRKKTRWFIAVLLCFALVLPAGGAQAATTITSNEIGTHDGYDYEFWKDSGGSGSMTLNSGGTFSAQWSNINNILFRKGKKFNETQTHQQIGNMSITYGANFQPNGNAYLTVYGWTVDPLVEFYIVDSWGTYRPTGTHKGTINVDGGTYDIYETTRVNQPSIKGTATFKQYWSVRTSKRTSGTISVSEHFRAWESRGMPMGKMYEVAMTVEGYQSSGSANVYSNTLTIGGGNPGGGNPGEGTNPGTVTRVEAENMTKSGQYTGNISSPFNGVALYANNDSVKYTQYFSTSTHSFSLRGASNNANMARVDLKIGGQTKGTFYFGGSSPAVYTLNNVSHGTGNQEIELIVTADDGTWDAYIDYLEIR
B2AC12,SATCCDSMFGSCMVTLSSLLVAAATVATGVFAAPGELPGLAKRQTYTTSATGTHNGYYFSFWTDGGPNVRYTNEAGGQYSVSWSGNGNWVGGKGWNPGTARTINYTGTYQPNGNSYLAIYGWTRNPLVEYYVIENFGTYNPSSGATRMGSVVDGGATYDIYRSTRVQQPSIEGTRTFDQYWSVRQQKRTGGSVNMATHFAAWERAGLRLGTHDYQVVATEGYFSSGSATINVGGSSGGAQPQPQPEPSPNPNPGNGGGGGGSNCAARWGQCGGQGWNGPTCCESGTTCRSSNQWYSQCL
D1KJJ7,MTTAQTLPTRTATRPPLPGRVRRLLHRRAVAVAAALAMLCGAVLATPASAQPVYEDTQGYHDGYFYTFWTDAPGTITMNLEPGGSYSTQWGDTGNFVVGKGWSTGTSRTVDYSATFNPSGNGYLALYGWTRGPLVEYYIIEDYGTYRPTGDYKGTFWSDGSYYDIYETTRVEEPSIDGTQTFQQYWSVRHDTRTSGSITTANHFHAWEQAGMPLGTHDYQVMATEGYQSSGSSSVTVHTAP
AGW24299.1,MKVFATLAGLLATALAAPSTEHALVARRNGIDYVQNYNGNLGAFSYNQGAGQFSMYWDNGVNNDFVVGLGWRTGSKSPITYSATYDAASSGSYLAVYGWINSPQAEYYVVESYGTYNPCSQAQSLGTITSDGGTYQVCTDTRYNQPSITGTSTFTQFFSVRQNKRTSGTVTINNHFNFWAQHGFGNSNFNYQVMAVEAFNGHGHASVQVSG
ABN48478.1,MVSFSYLLLACSAIGALAAPVEPETTSFNETALHEFAERAGTPSSTGWNNGYYYSFWTDGGGDVTYTNGAGGSYSVNWRNVGNFVGGKGWNPGSARTINYGGSFNPSGNGYLAVYGWTTNPLIEYYVVESYGTYNPGSGGTFRGTVNTDGGTYNIYTAVRYNAPSIEGTKTFTQYWSVRTSKRTGGTVTMANHFNAWSRLGMNLGTHNYQIVATEGYQSSGSASITVY
A2Q7I0,BCBSFGSCMLTKNLLLCFAAAKAALAVPHDSVAQRSDALHMLSERSTPSSTGENNGFYYSFWTDGGGDVTYTNGDAGAYTVEWSNVGNFVGGKGWNPGSAQDITYSGTFTPSGNGYLSVYGWTTDPLIEYYIVESYGDYNPGSGGTYKGTVTSDGSVYDIYTATRTNAASIQGTATFTQYWSVRQNKRVGGTVTTSNHFNAWAKLGMNLGTHNYQIVATEGYQSSGSSSITVQ
D7EZJ3,BMHDAPAQRKRRRPGRIGPLPRSSRFARLKLLIASACAALLATLALPPGAAHAQTVTSNQTGNHNGYFYSFWTDAPGTVSATMGSGGNYSTSWRNTGNFVIGKGWSTGGRRTVTYSGSFNPSGNAYLTLYGWSRNPLVEYYIVDNWGTYRPTGTFKGTVTTDGGTYDIYQTTRYNAPSIEGNKTFNQYWSVRQQKRTGGTITTGNHFDAWARAGMQLGSHDYMIMATEGYQSSGSSNITVGGTSGGGGGGGGGGGCTATLSAGERWDDRYNLNVSVSGSSNWTVTMNVPSPATILSTWNITATWPSSQVLVARPNGSGNNFGVTIKHNGNWTWPTVSCSTG
Q8GJ44,AMKRKVKKMAAMATSIIMAIMIILHSIPVLAGRIIYDNETGTHGGYDYELWKDYGNTIMELNDGGTFSCQWSNIGNALFRKGRKFNSDKTYQELGDIVVEYGCDYNPNGNSYLCVYGWTRNPLVEYYIVESWGSWRPPGATPKGTITVDGGTYEIYETTRVNQPSIDGTATFQQYWSVRTSKRTSGTISVTEHFKQWERMGMRMGKMYEVALTVEGYQSSGYANVYKNEIRIGANPTPAPSQSPIRRDAFSIIEAEEYNSTNSSTLQVIGTPNNGRGIGYIENGNTVTYSNIDFGSGATGFSATVATEVNTSIQIRSDSPTGTLLGTLYVSSTGSWNTYQTVSTNISKITGVHDIVLVFSGPVNVDNFIFSRSSPVPAPGDNTRDAYSIIQAEDYDSSYGPNLQIFSLPGGGSAIGYIENGYSTTYNNVNFANGLSSITARVATQISTSIQVRAGGATGTLLGTIYVPSTNSWDSYQNVTANLSNITGVHDITLVFSGPVNVDYFVFTPANVNSGPTSPVGGTRSAFSNIQAEDYDSSYGPNLQIFSLPGGGSAIGYIENGYSTTYKNIDFGDGATSVTARVATQNATTIQVRLGSPSGTLLGTIYVGSTGSFDTYRDVSATISNTAGVKDIVLVFSGPVNVDWFVFSKSGT
Q2LMP0,MVSASSLLLAASAIAGVFSAPAAAPVSENLNVLQERALTSSATGTSGGYYYSFWTDGSGGVTYSNGANGQYAVSWTGNKGNFVGGKGWAVGSERSISYTGSYKPNGNSYLSVYGWTTSPLIEYYIVEDFGTYDPSSAATEIGSVTSDGSTYKILETTRTNQPSVQGTATFKQYWSVRTSKRTSGTVTTANHFAAWKKLGLTLGSTYNYQIVAVEGYQSSGSASITVS
D1G4K3,MMIGITSFALAALAATGALAFPTGNTTELEKRQTTPNSEGWHDGYYYSWWSDGGAQATYTNLEGGTYEISWGDGGNLVGGKGWNPGLNARAIHFDGVYQPNGNSYLAVYGWTRNPLVEYYIVENFGTYDPSSDATDLGTVECDGSTYRLGKSTRYNAPSIDGIQTFDQYWSVRQNKRSSGTVQTGCHFDAWARAGLNVNGDHYYQIVATEGYFSSGYARITVADVG
P55333,BFGSCATCCCBSNRRLMVSFSSLLLACSAVTAFAAPSDQSIAERSLSERSTPSSTGTSGGYYYSFWTDGGGDVTYTNGDGGSYTVEWTNVGNFVGGKGWNPGSSQTISYSGSFNPSGNGYLSVYGWTQNPLIEYYIVESYGDYNPGTAGTHQGTLESDGSTYDIYTATRENAPSIEGTATFTQFWSVRQSKRTSGSVTTQNHFDAWSQLGMTLGTHNYQIVAVEGYQSSGSASITVS
Q8RMN7,MNLRKLRLLFVMCIGLTLILTAVPAHARTITNNEMGNHSGYDYELWEDYGNTSMTLNNGGALSAGWNNIGNALFRKGRKFDSTRTHHQLGNISINYNASFNPGGNSYLCVYGWTQSPLAEYYIVDSWGTYRPTGAYKGSFYADGGTYDIYETTRVNQPSIIGIATFKQYWSVRQTKRTSGTVSVSAHFRKWESLGMPMGKMYETAFTVEGYQSSGSANVMTNQLFIGN
AGN35000.1,ATCCMFKFKKNFLVGVTAALMSISLFSATASAASPDYWQNWTDGGGTVNAVNGPGGNYSVNWSNTGNFVVGKGWTTGSPSRTINYNAGVWAPNGNGYLALYGWTRSPLIEYYVVDSWGTYRPTGTYKGTVKSDGGTYDIYTTTRYNAPSIDGEKTTFTQYWSVRQTKRPTGSNAKITFSNHVRAWKSHGMNLGSIWSYQVLATEGYQSSGSSNVTVW
AFH89035.1,MKVTAAFAGLLVTALAAPAPGPVLVSRSAGINYVQYYGGLTYDESAGTFSMYWEDGVSSDFVVGLGWTTGSSNPITYSADYSASGGVSSDFVVGLGWTTGSSNPITYSAEYYIVEDYGDYNPCSSATSLGTVYSDGSTSGTVTVANHFNFWAQTGTSTFTQYFSVRESTRTSGTVTVANHFNFWAQHGFGNSVGLGWTTGSSNPISGAGSAEAWSGAG
Q6VAY1,MKFTLTIAGLLAVGSTAAPTTEKRNPGGIDYVQNYNGDVADFQYNEGAGTYTCGWDGSTDFVVGLGWSTGAARDITYSATYNAGGSGSYLAVYGWVNSPQAEYYIVESYGDYNPCSNAEGLGTLESDGSTYTVCTDTRTNEPSITGTSTFTQYWSVRQSERTSGTVTVGNHFNYWAQHGFGDSYNFQVMAVEAFSGSGSASVSVS
AAS31723.1,USMFKFKKNFLVGLSAALMSISLFSATASAASTDYWQNWTDGGGIVNAVNGSGGNYSVNWSNTGNFVVGKGWTTGSPFRTINYNAGVWAPNGNGYLTLYGWTRSPLIEYYVVDSWGTYRPTGTYKGTVKSDGGTYDIYTTTRYNAPSIDGDRTTFTQYWSVRQSKRPTGSNATITFTNHVNAWKSHGMNLGSNWAYQVMATEGYQSSGSSNVTVW
Q9HEN5,GTGRVINYGGAFNPQGNGYLAVYGWTRNPLVEYYVIESYGTYNPSSGAQVKGSFQTDGGTYNVAVSTRYNQPSIDGTRTFQQYWSVRQQKRVGGSVNMQNHFNAWSRYGLNLGQ
Q3S401,MLTKNLLLCFAAAKAVLAVPHDSVVERSDALHKLSERSTPSSTGENNGFYYSFWTDGGGDVTYTNGDAGSYTVEWSNVGNFVGGKGWNPGSAQDITYSGTFTPSGNGYLSVYGWTTDPLIEYYIVESYGDYNPGSGGTYKGTVTSDGSVYDIYTATRTNAASIQGTATFTQYWSVRQNKRVGGTVTTSNHFNAWAKLGMNLGTHNYQIVATEGYQSSGSSSITVQ
P29126,MKLSKIKKVLSGTVSALMIASAAPVVASAADQQTRGNVGGYDYEMWNQNGQGQASMNPGAGSFTCSWSNIENFLARMGKNYDSQKKNYKAFGNIVLTYDVEYTPRGNSYMCVYGWTRNPLMEYYIVEGWGDWRPPGNDGEVKGTVSANGNTYDIRKTMRYNQPSLDGTATFPQYWSVRQTSGSANNQTNYMKGTIDVTKHFDAWSAAGLDMSGTLYEVSLNIEGYRSNGSANVKSVSVTQGGSSDNGGQQQNNDWNQQNNNQQQNNDWNNWGQQNNDWNQWNNQGQQNNDWNNWGQQNNDWNQWNNQGQQQNNDWNNWGQQNNDWNQWNNQGQQQNNDWNNWGQQNNDWNQWNNQGQQQNNDWNNWGQQNNDWNQWNNQNNNQQNAWNGWDNNNNWNQNNQQQNNWDWNNQNNWNNNQQQNNDWNQWNNQNNWNNNQQQNNDWNQWNNQGQQNNDWNQWNNQNNWNQNNNQQNAWNGWDNNNNWNQWDQNNQWNNQQQNNTWDWNNQNNWNNNQQNNDWNQWNNQGQQQNNDWNQWNNQNNNQNNGWDWNNQNNWNQNNNQQNAWNGWDNNNNWNQWGGQNNDWNNQQQNNDWNQWNNQGQQQNNDWNNQNNWNQGQQNNNNSAGSSDSLKGAFSKYFKIGTSVSPHELNSGADFLKKHYNSITPENELKPESILDQGACQQKGNNVNTQISLSRAAQTLKFCEQNGIALRGHTFVWYSQTPDWFFRENFSQNGAYVSKDIMNQRLESMIKNTFAALKSQYPNLDVYSYDVCNELFLNNGGGMRGADNSNWVKIYGDDSFVINAFKYARQYAPAGCKLYLNDYNEYIPAKTNDIYNMAMKLKQLGYIDGIGMQSHLATNYPDANTYETALKKFLSTGLEVQITELDITCTNSAEQADLYEKIFKLAMQNSAQIPAVTIWGTQDTVSWRSSQNPLLFSAGYQPKPAYDRVMALAK
O43097,MVGFTPVALAALAATGALAFPAGNATELEKRQTTPNSEGWHDGYYYSWWSDGGAQATYTNLEGGTYEISWGDGGNLVGGKGWNPGLNARAIHFEGVYQPNGNSYLAVYGWTRNPLVEYYIVENFGTYDPSSGATDLGTVECDGSIYRLGKTTRVNAPSIDGTQTFDQYWSVRQDKRTSGTVQTGCHFDAWARAGLNVNGDHYYQIVATEGYFSSGYARITVADVG
Q79MJ7,MFKFVTKVLTVVIAATISFCLSAVPASANTYWQYWTDGGGTVNATNGPGGNYSVTWRDTGNFVVGKGWEIGSPNRTIHYNAGVWEPSGNGYLTLYGWTRNQLIEYYVVDNWGTYRPTGTHRGTVVSDGGTYDIYTTMRYNAPSIDGTQTFQQFWSVRQSKRPTGNNVSITFSNHVNAWRNAGMNLGSSWSYQVLATEGYQSSGRSNVTVW
Q59674,MKLPTLGKCVVRTLMGAVALGAISVNAQTLSSNSTGTNNGFYYTFWKDSGDASMTLLSGGRYQSSWGNSTNNWVGGKGWNPGNNSRVISYSGSYGVDSSQNSYLALYGWTRSPLIEYYVIESYGSYNPASCSGGTDYGSFQSDGATYNVRRCQRVNQPSIDGTQTFYQYFSVRNPKKGFGNISGTITFANHVNFWASKGLNLGNHNYQVLATEGYQSRGSSDITVSEGTSGGGTSSVGGASSSVNSSTGGGSSGGITVRARGANGSEHINLRVGGAVVANWTLGTSFQNYLYSGNASGDIQVQFDNDASGRDVVVDYIIVNGETRQAEDMEHNSAVYANGRCGGGSYSENMHCNGEIGFGYTYDCFSGNCSGGNGGSNSSAGNSSSGNTGGGGSNCSGYVGITFDDGPNSNTATLVNLLRQNNLTPVTWFNQGNNVASNAHLMSQQLSVGEVHNHSYTHPHMTSWTYQQVYDELNRTNQAIQNAGAPKPTLFRPPYGELNSTIQQAAQALGLRVVTWDVDSQDWNGASAAAIANAANQLQNGQVILMHDGSYTNTNSAIAQIATNLRAKGLCPGRIDPNTGRAVAPSSSGGSSSVALSSSSRSSSSAGGNTGGNCQCNWWGTFYPLCQTQTSGWGWENSRSCISTSTCNSQGTGGGGVVCN
CCO21038.1,MRQKLILCLMALFAVVSVEAKVTLPRLVSDGMVLQRDEPLKIWGWASAGETVKVTFLDGSYKTKADRKGNWCVELPAHKAGGPYTMRVNGIEIRDILIGDVWLCSGQSNMELTMDRVLDLYADEVADANYPFIRYFRVPMKYNFRNEEADLQGGRWETATPGNLPDLSAVAWFFAKELYDTYGVPIGLINTSIGGSPAEAWIGAGALKDYPHYLEAARESAAQGYIESVTKADQRAGEEWRRTMDEKDPGVGVWNREDFDDSDWASISLPGYWADKGAGQVNGSVWFRKEIGLPASLAGKAATLRMGTIVDADSTFVNGTFVGTVSYQYPPRIYTIPAGVLKEGRNNITVRVTSNAGRGGFVEEKPYELIVEGDGIDLTGDWKYRVGAGMPPAAPQTFFQYKPTGLYNGMIAPLKNYALKGFLWYQGESNAGKPNEYKGLMAALINDWRAKWNKPRMPFIYAQLPGFMKENKLPVESGWAELREAQRQTLEIPHTGMAVTIDAGEWNDIHPLNKKTVGERLALEARRVAYGESGIVSTGPMYESAIVEDGGIVLAFSSVGSGIYTNLDLAGFTIAGPDGRYVWANAAVVSGGKIRVWSDWVPEPVSVRYAWADNPVGANLRNKEGLPASPFRADVETGVITGNGTGTHGGYDWELWRDRGDVCMILKEGGAFECSWDNINNALFRTGKKFDATRTHDQLGDISLDYGCDYHPDGNSYLCVYGWSVDPLIEFYVVEAWGNWRPPGAESKGTVEIDGGTYDIYRTTRVEQPSIQGTTTFEQYWSVRTDKKTSGTVSVSEHIRAWEKMGMELGKIYEVAFCVEGYQSRGTADVYKMSFGEQANK
A8TGA1,MLRKLVTGALAAALLLSGQSNAQNACQQTQQLSGGRTINNKNETGNGNGNYKYEIWRDGNGGSLTLYPKDAAFKASWNNSGDFLGRVGLTFNKPAATNLGGDLIANYNYKKSGSDGGTYSYIGIYGWMDNPQIEYYVVDDWMHNRGAPGGSYMGSQKGTITVDGGTYKVWSGQRTGASKWGTSTFTQIFSIRTSPRQCGSINVSEHFRQWQKLGLRLGGLMEAQLLAESGGGSGYVDFTYATITIGGSSSNASAPSNNNNNNNNNNDNNGNWNNWNNNNNNNNNNNNNNNNNNNNQGGGNCAAIWGQCGGSGYNGPKCCKQGSCKQINQWYSQCQ
C5MTD6,MFKFKKNFLVGLSAALMSISLFSATASAASTDYWQNWTDGGGIVNAVNGSGGNYSVNWSNTGNFVVGKGWTTGSPSRTINYNAGVWAPNGNGYLTLYGWTRSPLIEYYVVDSWGTYRPTGTYKGTVKSDGGTYDIYTTTRYNAPSIEGPKTTFTQYWSVRQSKRPTGSNAKITFSNHVKAWKSHGMNLGSIWSYQVLATEGYQSSGSSNVTVW
Q8GMV7,MNEPLTITQARRRRRLGLRRIVTSAFALALAIAGALLPGTAHADTTITQNQTGYDNGYFYSFWTDAPGTVSMTLHSGGSYSTSWRNTGNFVAGKGWSTGGRRTVTYNASFNPSGNAYLTLYGWTRNPLVEYYIVESWGTYRPTGTYKGTVTTDGGTYDIYETWRYNAPSIEGTRTFQQFWSVRQQKRTSGTITIGNHFDAWARAGMNLGSHDYQIMATEGYQSSGSSTVSISEGGNPGNPGNPGNPGNPGNPGNPGGGCVATLSAGQQWSDRYNLNVSVSGSNNWTVRMDVPYPARIIATWNIHAQWPESQVLIARPNGNGNNWGVTIQHNGNWTWPTVTCTAN
Q8J1V6,MVNFSTLFLAASTAALAAAAPSIEKRQTLTSSATGTHNGYYYSFWTDGQGNIRFNLESGGQYSVTWSGNGNWVGGKGWNPGTDNRVINYTADYRPNGNSYLAVYGWTRNPLIEYYVVESFGTYDPSTGATRMGSVTTDGGTYNIYRTQRVNAPSIEGTKTFYQYWSVRTSKRTGGTVTMANHFNAWRQAGLQLGSHDYQIVATEGYYSSGSATVNVGGSTTGGNNGGNNGGNNGGNNGGNTGSNVSISRPRKMGSLASTRS
C0STV1,MLAALAGLYASACLSSSQTGTDNGYYYSFWTDGGGSISFCLESGGRYTSQWSNVGNWVGGKGWSTGSAKAVTYSGTFSPNGNGYLSLYGWTKSPLVEYYIVDSWGSYRPPGGEGNQGTLTADGATYDIYKTQRVNQPSIEGTATFYQFWSVRQAKRVGGTITTGTHFTGWSGKGMSLGSHNYMILATEGYQSSGSSDITVG
Q59790,MKKTVKQFISSAVTALMVAASLPAVPSVNAADAQQRGNIGGFDYEMWNQNGQGQVSMTPKAGSFTCSWSNIENFLARMGKNYDSQKKNYKAFGDITLSYDVEYTPKGNSYMCVYGWTRNPLMEYYIVEGWGDWRPPGNDGENKGTVTLNGNTYDIRKTMRYNQPSLDGTATFPQYWSVRQKSGSQNNTTNYMKGTISVSKHFDAWSKAGLDMSGTLYEVSLNIEGYRSSGNANVKAISFDGSIPEPTSEPVTQPVVKAEPDANGYYFKEKFESGAGDWSARGTGAKVTSSDGFNGSKGILVSGRGDNWHGAQLTLDSSAFTAGETYSFGALVKQDGESSTAMKLTLQYNDASGTANYDKVAEFTAPKGEWVDLSNTSFTIPSGASDLILYVEAPDSLTDFYIDNAFGGIKNTSPLEDVGSHTISTPGSETTTVTTASNKGIRGDINGDGVINSFDLAPLRRGILKMMSGSGSTPENADVNGDGTVNVADLLLLQKFILGMEKSFPDPVTTTTTKPITTTTEKIVTTTTSSSSSSSGKNLNADIRKDMPTSVPGGNEKSGGCKVEKKTYNCKFTGGQKSCNVILPPNYSASKQYPVMYVLHGIGGNEGSMVSGMGVQELLAGLTANGKAEEMIIVLPSQYTSKNGNQGGGFGINQEVCAAYDNFLYDISDSLIPFIEANYPVKTGRENRAITGFSMGGREAIYIGLMRPDLFAYVGGACPAPGITPGKDMFMEHPGCMQESEMKFRDVGPEPNVFMITGGTNDGVVGTFPKQYSDILTRNGVDQRLPVYP
P26515,BMNLLVQPRRRRRGPVTLLVRSAWAVALAALAALMLPGTAQADTVVTTNQEGTNNGYYYSFWTDSQGTVSMNMGSGGQYSTSWRNTGNFVAGKGWANGGRRTVQYSGSFNPSGNAYLALYGWTSNPLVEYYIVDNWGTYRPTGEYKGTVTSDGGTYDIYKTTRVNKPSVEGTRTFDQYWSVRQSKRTGGTITTGNHFDAWARAGMPLGNFSYYMIMATEGYQSSGSSSINVGGTGGGDSGGGDNGGGGGGCTATVSAGQKWGDRYNLDVSVSGASDWTVTMNVPSPAKVLSNWNVNASYPSAQTLTARLNGSGNNWGATIQANANWTWPSVSCSAG
ABY77763.1,SAGINYVQNYNGNLGDFTYDESAGTFSMYWEDGVSSDFVVGLGWTTGSSNPITYSADYSASGSSSYLAVYGWVNYPQAEYYIVEDYGDYNPCSSATSLGTVYSDGSTYQVCTDTRTNEPSITGTSTFTQYFSVRESTRTSGTVTVANHFNFWAQHGFGNSDFNYQVVAVEAWSGAGSASVTISS
Q02244,MVSFTSLLAGVAAISGVLAAPAAEVESVAVEKRQTIQPGTGYNNGYFYSYWNDGHGGVTYTNGPGGQFSVNWSNSGNFVGGKGWQPGTKNKVINFSGSYNPNGNSYLSVYGWSRNPLIEYYIVENFGTYNPSTGATKLGEVTSDGSVYDIYRTQRVNQPSIIGTATFYQYWSVRRNHRSSGSVNTANHFNAWAQQGLTLGTMDYQIVAVEGYFSSGSASITVS
C6FGW6,MHAFSYLAVALSALPLLQAAPTSVQKRGAHNFMLSPDHPLMVAKRNASLARRSSTNYDQDYTTGGSVYFAPASGEFYVSWDTTDDFVVGVGWNPGSTEPITHGGSFNVDSGLASLSVYGWSTNPLVEYYIIDDEVDLPLSGTEKGTVYSDGSTYTIWENQRVDEPSIEGTSTFNQYISIRDSPRVSGTVTVENHFQAWANLGMDLGTLNFQVIAIESWDGSGNAYQTVSN
Q01421,MRTIKFFFAVAIATVAKAQWGGGGASAGQRLTVGNGQTQHKGVADGYSYEIWLDNTGGSGSMTLGSGATFKAEWNASVNRGNLLARRGLDFGSQKKGKPITATLIGYTATYRQTGSASGNSRLCVYGWFQNRGVQGVPLVEYYIIEDWVDWVPDAQGRMVTIDGAQYKIFQMDHTGPTINGGSETFKQYFSVRQQKRTSGHITVSDHFKEWAKQGWGIGNLYEVALNAEGWQSSGIADVTKLDVYTTQKGSNPAPTSTGTVPSSSAGGSTANGKKFTVGNGQNQHKGVNDGFSYEIWLDNTGGNGSMTLGSGATFKAEWNAAVNRGNFLARRGLDFGSQKKANRFDYIGLDYAATYKQTASASGNSRLCVYGWFQNRGLNGVPLVEYYIIEDWVDWVPDAQGKMVTIDGAQYKIFQMDHTGPTINGGSETFKQYFSVRQQKRTSGHITVSDHFKEWAKQGWGIGNLYEVALNAEGWQSSGVADVTLLDVYTTPKGSSPATSAAPRTTTRTTTRTKSLPTNYNKCSARITAQGYKCCSDPNCVVYYTDEDGTWGVENNDWCGCGVEQCSSKITSQGYKCCSDPNCVVFYTDDDGKWGVENNDWCGCGF
BAA19778.1,MNTLVHPQGRAGGLRLLVRAAWALALAALAAMMVGGTARADTITSNQTGTHNGYFYSFWTDAPGTVTMNTGAGGNYSTQWSNTGNFVAGKGWATGGRRTVTYSGTFNPSGNAYLALYGWSQNPLVEYYIVDNWGTYRPTGTYKGTVYSDGGTYDIYMTTRYNAPSIEGTKTFNQYWSVRQNKRTGGTITTGNHFDAWAAHGMPLGTFNYMILATEGYQSSGSSNITVGDSGGDNGGGGGGGGGGGNTGGCTATLSAGEQWSDRYNLNVSVSGSDNWTVTMRVPAPEKVMATWNVTASYPDAQTLVARPNGNGNNWGVTIQKNGSTTWPTVSCSVG
O13447,MVSFKSLLLAAVATTSVLAAPFDFLRERDDGNATALLEKRQSTPSSEGYHNGYFYSWWTDGGGSAQYTMGEGSRYSVTWRNTGNFVGGKGWNPGTGRVINYGGAFNPQGNGYLAVYGWTRNPLVEYYVIESYGTYNPSSGAQVKGSFQTDGGTYNVAVSTRYNQPSIDGTRTFQQYWSVRQQKRVGGSVNMQNHFNAWSRYGLNLGQHYYQIVATEGYQSSGSSDIYVQTQ
P35811,CATCCMKTFSVTKSSVVFAMALGMASTAFAQDFCSNAQHSGQKVTITSNQTGKIGDIGYELWDENGHGGSATFYSDGSMDCNITGAKDYLCRAGLSLGSNKTYKELGGDMIAEFKLVKSGAQNVGYSYIGIYGWMEGVSGTPSQLVEYYVIDNTLANDMPGSWIGNERKGTITVDGGTYTVYRNTRTGPAIKNSGNVTFYQYFSVRTSPRDCGTINISEHMRQWEKMGLTMGKLYEAKVLGEAGNVNGEVRGGHMDFPHAKVYVKNGSDPVSSSSVKSSSSTDAPKSSSSKGNGNVSGKIDACKDVMGHEGKETRTQGQNNSSVTGNVGSSPYHYEIWYQGGNNSMTFYDNGTYKASWNGTNDFLARVGFKYDEKHTYEELGPIDAYYKWSKQGSAGGYNYIGIYGWTVDPLVEYYIVDDWFNKPGANLLGQRKGEFTVDGDTYEIWQNTRVQQPSIKGTQTFPQYFSVRKSARSCGHIDITAHMKKWEELGMKMGKMYEAKVLVEAGGGSGSFDVTYFKMTDKAHPLAQPEPESSSSEAKVESSSSTVALHAAPKMELKSGNFQVFDMQGRFLGTVKLDAGASVAQVLKANFKNAGIYMVKQGNFMQRVAVK
E0X4B3,MVSFSSLVLAASTVAGVLATPGSEQYVELAKRQLTSSQTGTNNGYYYSFWTDGGGQVTYTNGNGGQYQVDWNNCGNFVAGKGWNLASEKAVTYSGSWQTSGNGYLSVYGWTTSPLVEFYIVESYGSYDPSTGATHLGTVESDGATYNLYKTTRTNAPSIQGTATFDQYWSVRTSHRQSGTVTTKNHFDAWRNAGLQLGNFDYMIVATEGYQSSGSATITVS
BAA88421.1,AMKSFIAYLLASVAVTGVMAVPGEYHKRHDKRQTITSSQTGTNNGYYYSFWTNGGGTVQYTNGAAGEYSVTWENCGDFTSGKGWSTGSARDITFEGTFNPSGNAYLAVYGWTTSPLVEYYILEDYGDYNPGNSMTYKGTVTSDGSVYDIYEHQQVNQPSISGTATFNQYWSIRQNTRSSGTVTTANHFNAWAKLGMNLGSFNYQIVSTEGYESSGSSTITVS
AHI42056.1,MCSFTTAFVAATLAVGILASPAARPSALTKRNTPNSSGTNNGYFYQFWDDGSSGTTTYTNGPAGEYSVNWQNVGDFTAGKGWSQAEPRNISFSGSVNCGGNFYLAVYTWSTQGENYILEDYGTYNPCSGGTSKGSLYSDGSEYQVCLVDRGNNYLQNWSVRQNKRSSGTVTTANHYNYYQSHGMTHNPLSSAAYQIVSTEGYGSSGSADITVSEASPSTSSPTSTTSSTSPATTSSSSGTGAAHWGQCGGTGWSGPTTCVSPYTCQQINPYYSQCL
A2AWV8,MTASFATLRRPKHRRRSVKQLVAGVAVAGLVGTGLAIALPASAAVTSNQTGNSGGYYYSFWTDSQGTVSMELGSGGNYSTSWRTTGNFVAGKGWQTGSGRACSYSGQFTPSGNAYLTLYGWTTGPLIEYYIVDNWGTYRPTGTYMGTVNSDGGTYDIYRTQRVNQPSIQGTATFYQYWSVRQQKRTGGTITAANHFNAWASKGMNLGSHNYQILATEGYQSSGSSNITVSEGSGGGGNTGGGGGGNTGGGGSCTVSATKTQEWGDRFNVTYTVSGSNSWTVTVYPSNGQSIQNHWNANRNGNTFTPNGSGNTFGVTYYKGPNNVNWTPSAFC
Q14ST6,MTASFATLRRPKHRRRSVKQLVAGVAVAGLVGTGLAIALPASAAVTSNQTGNSGGYYYSFWTDTQGSVSMDLGSGGNYSTSWRNTGDFVAGKGWQTGSRRAVSYSGQFNPSGNAYLTLYGWTRGPLVEYYIVDNWGTYRPTGTFMGTVNSDGGTYDIYRTQRVNQPSIEGTSTFYQYWSVRQQKRTGGTITAGNHFDAWASKGMNLGTHDYQILATEGYQSSGSSNVTVSEGTSGGGNIGGGGDTGGGNTGGGGTSNGCTVTATRSESWSDRFNVNYTVSGASSWSVTVNPGSGQSIQNSWNATRNGNTFTSSGNNTFGVTYYSGGNTNIPSASCTATGSTGGNTGGGNTGGGNTGGGNTGGGDTGGNTGGGTNNGWNCSAGYVALTFDDGPTSSTTNQIINTLTGNGATAVVFPTGQNAQNNASLMQAYKNAGFTIGNHSWDHPHLINMSASDIQSQLSRSQQVIQQTAGVTPQLFRPPYGESNSTLKQIESQLGLREIIWDVDSTDWNNPSSSTIRSAAGRLTNGQIIFMHDWPAAI
B2LWN3,MISLKRVAALLCVAGLGMSAANAQTCLTSSQTGTNNGFYYSFWKDSPGTVNFCLQSGGRYTSNWSGINNWVGGKGWQTGSRRNITYSGSFNSPGNGYLALYGWTTNPLVEYYVVDSWGSWRPPGSDGTFLGTVNSDGGTYDIYRAQRVNAPSIIGNATFYQYWSVRQSKRVGGTITTGNHFDAWASVGLNLGTHNYQIMATEGYQSSGSSDITVSEGGSSSGGGSSTSSSSGGGGTKSFTVRARGTAGGESITLRVNNQNVQTWTLGTSMTNYTASTSLSGGITVVYTNDSGNRDVQVDYIVVNGQTRQSEAQSYNTGLYANGRCGGGSNSEWMHCNGAIGYGNTP
P00694,AMNLRKLRLLFVMCIGLTLILTAVPAHARTITNNEMGNHSGYDYELWKDYGNTSMTLNNGGAFSAGWNNIGNALFRKGKKFDSTRTHHQLGNISINYNASFNPGGNSYLCVYGWTQSPLAEYYIVDSWGTYRPTGAYKGSFYADGGTYDIYETTRVNQPSIIGIATFKQYWSVRQTKRTSGTVSVSAHFRKWESLGMPMGKMYETAFTVEGYQSSGSANVMTNQLFIGN
Q9C1G6,YIVESYGDYNPGSGGTYKGTVTSDGSVYDIYTATRTNAASIQGTATFTQYWSVRQNKRVGGTVTTSNHFNAWAKLGMNLGTHNYQIVATEGYQSSGSSSITVQ
P09850,MFKFKKNFLVGLSAALMSISLFSATASAASTDYWQNWTDGGGIVNAVNGSGGNYSVNWSNTGNFVVGKGWTTGSPFRTINYNAGVWAPNGNGYLTLYGWTRSPLIEYYVVDSWGTYRPTGTYKGTVKSDGGTYDIYTTTRYNAPSIDGDRTTFTQYWSVRQSKRPTGSNATITFTNHVNAWKSHGMNLGSNWAYQVMATEGYQSSGSSNVTVW
C6D8U8,MFKLKKKVMTAVLAASMSIGLFAATANAATDYWQNWTDGGGTVNAVNGSGGNYSVNWSNTGNFVVGKGWNTGSASRVINYNAGVWAPSGNGYLTLYGWTRNSLIEYYVVDSWGTYRPTGTYKGTVSSDGGTYDIYTAQRVNAPSIDGTATFTQYWSVRQSKRATGSNVAITFANHVNAWKSKGMNLGSSWSYQVLATEGYQSSGSSNVTVW
CAA90073.1,MVSFKSLLVLCCAALGAFATPVGSEDLAAREASLLERSTPSSTGWSNGYYYSFWTDGGGDVTYTNGAGGSYTVQWSNVGNFVGGKGWNPGSTRTINYGGSFNPSGNGYLAVYGWTQNPLIEYYIVESYGTYNPGSGGQHRGTVYSDGATYDIYTATRYNAPSIEGTATFEQFWSVRQSKRTGGTVTTANHFNAWAALGMRLGTHNYQIVATEGYQSSGSASITVY
C8CB65,MNLRKLRLLFVMCIGLTLILTAVPAHARTITNNEMGNHSGYDYELWKDYGNTSMTLNNGGAFSAGWNNIGNALFRKGKKFDSTRTHHQLGNISINYNASFNPVGNSYLCVYGWTQSPLAEYYIVDSWGTYRPTGTHKGTFYADGGTYDIYETTRVNQPSIIGIATFKQYWSVRQTKRTSGTVSVSAHFKKWESLGMPMGKMYETAFTVEGYQSSGSANVMTNQLFIGN
BAO51924.1,MFSFSTAFFASTLAAGILASPAAAPSALTKRNTPNSSGTNNGFFYQFWDDGSSGTTTYTNGPAGEYSVNWQNVGDFTAGKGWSQAEPRNISFSGSVNCGGNFYLAVYTWSTQGENYILEDYGTYNPCSGGTSKGSLYSDGSEYQVCLVDRGNNYLQNWSVRQNKRTSGTVTTANHYNYYQSQGMNHNPLSSAVYQIVSTEGYGSSGSADITVSEASPSTSSSASTTSSTSPATTSSSSGTGASQWGQCGGIGWNGPTTCVSPYTCQQINPYYYQCL
P55335,MVSFTSIVTAVVALAGSALAIPAPDGNMTGFPFEQLMRRQSTPSSTGRHNGYYYSWWTDGASPVQYQNGNGGSYSVQWQSGGNFVGGKGWMPGGSKSITYSGTFNPVNNGNAYLCIYGWTQNPLVEYYILENYGEYNPGNSAQSRGTLQAAGGTYTLHESTRVNQPSIEGTRTFQQYWAIRQQKRNSGTVNTGEFFQAWERAGMRMGNHNYMIVATEGYRSAGNSNINVQTPAATCCFGSCMVSFTSIVTAVVALAGSALAIPAPDGNMTGFPFEQLMRRQSTPSSTGRHNGYYYSWWTDGASPVQYQNGNGGSYSVQWQSGGNFVGGKGWMPGGSKSITYSGTFNPVNNGNAYLCIYGWTQNPLVEYYILENYGEYNPGNSAQSRGTLQAAGGTYTLHESTRVNQPSIEGTRTFQQYWAIRQQKRNSGTVNTGEFFQAWERAGMRMGNHNYMIVATEGYRSAGNSNINVQTPA
Q92257,MRTIKFLFALAITTVAKAQWGGNGGASAGQRLSVGGGQNQHKGVFDGFSYEIWLDNTGGSGSMTLGKGATFKAEWSAAVNRGNFLARRGLDFGSTKKATAYEYIGLDYEASYRQTASASGNSRLCVYGWFQNRGVQGVPLVEYYIIEDWVDWVPDAQGKMVTIDGAQYKIFQMDHTGPTINGGNETFKQYFSVRQQKRTSGHITVSDHFKAWSNQGWGIGNLYEVALNAEGWQSSGVADVPKLDVYTTKQGSAPRTTTTTTRTTTRTTTKTLPTTNKKCSAKITAQGYKCCSDPNCVVYYTDEDGTWGVENNQWCGCGVEACSGKITAQGYKCCSDPKCVVYYTDDDGKWGVENNEWCGCGL
AFO70072.1,MNVKKLSKVLLAVLMCVVLSNPFYAQAAITLTSNASGTYDGYYYELWKDSGNTTMTVDTGGRFSCQWSNINNALFRTGKKFNTAWNQLGTVKITYSATYNPNGNSYLCIYGWSKNPLVEFYIVESWGSWRPPGATSLGTVTIDGGTYDIYKTTRVNQPSIEGTTTFDQYWSVRTSKRTSGTVTVTDHFKAWAAKGLNLGTIDQITLCVEGYQSSGSANITQNTFSITSDSSGSTTPTTTKIECENMSLSGPYASKITSPFNGIALYANGDKATTNINFSASRNYTFKLRGCGNNNNLASVDLLIDGKKVGSFYYQGTYPWEAPINNVYVNAGSHKVEIVVSSDNGTWDVYADYLLIE
D4LFB0,DSMJCMKCTCMRKHTISRFFHGLLAAAVCLTFTPLPTASAATVITENKTGTEDGYAYELWKDNGNTSMTLTGGGTFSCEWSNINNCLFRKGKKYDCTQTYEELGNITIEYGVDYQPNGNSYMCVYGWTRNPLVEYYIVETWGSWRPPGATSALGTVYADGGTYDIYKTVRENQPSIDGNTTFDQYWSVRQSKPSANGTKIEGTISVSQHFKAWEQVGLKMGKMYEVALNIEGYQSSGKATVYKNNLSVGGEIPDPVEPDPVEPDENGYYFHSTFEKNTDNWSSRGDSTVTDSSSAAAAGSKSLAVTGRTDTWNGAGYTLDTATFQPGSAYSFSVLAMQDAVASDDFKLSLQYDLDGETNYDTIATATGAKGEWVQLANTAYTIPAGATGLLLYVETADSTNSFYMDEAIGAVKGTKIDAGLPDQPDQPDTPTMGDVDGSGTVDAKDVKALQNYLTRKASTLANAEAADLDGNGVINAMDLALLKRSLLGNQGGTTPVTPSESGYFKSTFETGKDGWVSRGDTTLSTDSESYYSGSKSLRISGRTDTWQGAAYTLDTKTFLPGSSYSFSAAVMQASGSSEELRLTLQYTDADGETAYDTVASATAASKTWTKLENKSYKIPAGASDLLLYVESVDSTTDLYLDEAVAAASGTASSVVTGGGKVGNITTPTPAAGTVDISWIDKSKPMVAIAFDDGAVGTASTDYSIRIQDAIANSGFHATFFYVGNWINGSNQGEIKRAYELGMEIANHFTSHTDLTKLSAAEIRKEYDTTSDKIKAITGQGTSPVMRPPYLSVNDTVKSALSDVALVNCSIDTGDWNGATSDQIISKIKTAMSNGTLDNAIVLCHETYDSTATAMEYLAPYLKSQGWQIVTVSELFAANGKELKGGTLYNACN
AAN23439.1,USMNLKRLRLLFVMCIGFVLTLTAVPAHAETIYDNRIGTHSGYDFELWKDYGNTSMTLNNGGAFSASWNNIGNALFRKGKKFDSTKTHHQLGNISINYNAAFNPGGNSYLCVYGWTQSPLAEYYIVESWGTYRPTGTYKGSFYADGGTYDIYETLRVNQPSIIGDATFKQYWSVRQTKRTSGTVSVSEHFKKWESLGMPMGKMYETALTVEGYRSNGSANVMTNQLMIR
Q7SID8,ATTITSNQTGTHDGYDYELWKDSGNTSMTLNSGGAFSAQWSNIGNALFRKGKKFDSTKTHSQLGNISINYNATFNPGGNSYLCVYGWTKDPLTEYYIVDNWGTYRPTGTPKGTFTVDGGTYDIYETTRINQPSIIGIATFKQYWSVRQTKRTSGTVSVSEHFKKWESLGMPMGKMYETALTVEGYQSNGSANVTANVLTIGGKPL
W0HJ53,MVSFSSLFVAACAAVTAFALPNELEKRAITSNEQGTNNGYFYSFWTNGGGSVSYNNGAAGQYSVNWKDCGSFTSGKGWATGSARNINFSGSFNPSGNAYLAVYGWTTSPLVEYYIMENYGEYNPGSSMAHKGTVTSDGSVYDIYAHQQVNQPSIVGTATFNQYWSIRRNKRSSGTVTTANHFNAWSRLGMGLGSHNYQIVNTEGYQSSGSASITVS
AEO55365.1,ATCCMVSLKSLLLAAAATLTAVTARPFDFDDGNSTEALAKRQVTPNAQGYHSGYFYSWWSDGGGQATFTLLEGSHYQVNWRNTGNFVGGKGWNPGTGRTINYGGSFNPSGNGYLAVYGWTHNPLIEYYVVESYGTYNPGSQAQYKGSFQSDGGTYNIYVSTRYNAPSIEGTRTFQQYWSIRTSKRVGGSVTMQNHFNAWAQHGMPLGSHDYQIVATEGYQSSGSSDIYVQTH
AGL92443.1,MKSQKLKIFLALVFSFILLLPPLSASAQITGNEIGTHDGYDYEFWKDEGGYGSMTLNSGGTFSAEWTDVHNILFRKGQKFDTTQTHQQLGNINIDYGVNYQPNGSSYLAVYGWTTDPLVEFYIVDSWGTWRPPGAESKGTIHVDGGTYEIYETTRVQQPSIEGTATFQQYWSVRTDKRTSGTISVSEHFHAWEAHGMPMGNMYEVALTVEGWQSSGSADVYRNNLTIGGGGSTPPPSNGGGDDGSGGSTVVQAQDMNVDGPWANYISSPFDGVVLHGNDDRITYTQYFANDTHSFSLRGASNNNNLAQVDLRIGGQYVGTFYYGDHHPAVYTIDNVQHGTGHQEVELILTNNDGNWDAYIDYLEIH
CAD48307.1,MKRKVKKMAAMATSIIMAIMIILHSIPVLAGRIIYDNETGTHGGYDYELWKDYGNTIMELNDGGTFSCQWSNIGNALFRKGRKFNSDKTYQELGDIVVEYGCDYNPNGNSYLCVYGWTRNPLVEYYIVESWGSWRPPGATPKGTITVDGGTYEIYETTRVNQPSIDGTATFQQYWSVRTSKRTSGTISVTEHFKQWERMGMRMGKMYEVALTVEGYQSSGYANVYKNEIRIGANPTPAPSQSPIRRDAFSIIEAEEYNSTNSSTLQVIGTPNNGRGIGYIENGNTVTYSNIDFGSGATGFSATVATEVNTSIQIRSDSPTGTLLGTLYVSSTGSWNTYQTVSTNISKITGVHDIVLVFSGPVNVDNFIFSRSSPVPAPGDNTRDAYSIIQAEDYDSSYGPNLQIFSLPGGGSAIGYIENGYSTTYNNVNFANGLSSITARVATQISTSIQVRAGGATGTLLGTIYVPSTNSWDSYQNVTANLSNITGVHDITLVFSGPVNVDYFVFTPANVNSGPTSPVGGTRSAFSNIQAEDYDSSYGPNLQIFSLPGGGSAIGYIENGYSTTYKNIDFGDGATSVTARVATQNATTIQVRLGSPSGTLLGTIYVGSTGSFDTYRDVSATISNTAGVKDIVLVFSGPVNVDWFVFSKFRNLRV
CAJ57849.1,XIBMTASFATLRRPKHRRRSVKQLVAGVAVAGLVGTGLAIALPASAAVTSNQTGNSGGYYYSFWTDSQGTVSMELGSGGNYSTSWRTTGNFVAGKGWQTGSGRACSYSGQFTPSGNAYLTLYGWTTGPLIEYYIVDNWGTYRPTGTYMGTVNSDGGTYDIYRTQRVNQPSIQGTATFYQYWSVRQQKRTGGTITAANHFNAWASKGMNLGSHNYQILATEGYQSSGSSNITVSEGSGGGGNTGGGGGGNTGGGGSCTVSATKTQEWGDRFNVTYTVSGSNSWTVTVYPSNGQSIQNHWNANRNGNTFTPNGSGNTFGVTYYKGPNNVNWTPSAFC
Q9ZB36,MFKFKKKFLVGLTAAFMSISMFSATASAAGTDYWQNWTDGGGTVNAVNGSGGNYSVNWSNTGNFVVGKGWTTGSPFRTINYNAGVWAPNGNGYLTLYGWTRAPLIEYYVVDSWGTYRPTGTYKGTVKSDGGTYDIYTTTRYNAPSIDGDNTTFTQYWSVRQSKRPTGSNAAITFSNHVNAWKSHGMNLGSNWAYQVLATEGYKSSGSSNVTVW
AAG44995.1,BMVSFNSLLVAVSAATCALAFPFEFHNGTHVFPRQSTPAGTGTNNGYFYSFWTDGGGSVTYNNGPAGEYSVTWSNADNFVAGKGWNPGSAQAISFTANYQPNGNSYLSVYGWSTNPLVEYYILEDFGTYNPAVSLTHKGTLTSDGATYDVYEGTRVNEPSIQGTATFNQYWSIRSSKRSSGTVTTANHFAAWKQLGLPLGTFNYQIVATEGYQSSGSSTVTVNPAGGVTSPTAPTGPSSVSTTPSGPSSSPSPVGSCAALYGQCGGQGWTGPTCCSSGTCKFSNNWYSQCL
A2I7V2,MKVTAAFAALLVTAFAASVPEPVLVSRSAGINYVQNYNGNLGDFTYDESAGTYSMYWEDGVSSDFVDLTFVSSITFSADYSASGSGSYLAVYGWVNSPQAEYYIVDKYGNYNPCSSATSLGTVYSDGSTYQVCTDTRTNAPSITGTSTFTQYFSVRESTRTSGTVTVANHFEAWAQHGFGNSNFNYQVVAVEAWSGAGSASVTISS
E4SCE2,DSMVKMMRFKKFLKVLIAVLMCFVLGNPFYAQAAITLTSNASGTYDGYYYELWKDSGNTTMTVDTGGRFSCQWSNINNALFRTGKKFSTAWNQLGTVKITYSATYNPNGNSYLCIYGWSRNPLVEFYIVESWGTWRPPGATSLGTVTIDGGTYDIYKTTRVNQPSIEGTTTFDQYWSVRTSKRTSGTVTVTDHFKAWAAKGLNLGTIDQITLCVEGYQSSGSANITQNTFSITNDSTGGGSTTPTTTKVECENMSLSGQYASKISSPFSGVALYANNDKAYYTQYFANSTHTFSLRGCSSNSNRAAVDLRIGGTKVGTFYFTGTTPTVQTLSNISHPTGNQTIELVVTSDNGTWDVYLDYLEIK
Q8VP72,MKIFQNTKNVIVSIAWAAALCTSAVSAQTLTSNSTGTNNGFYYTFWKDSGDASMTLLSGGRYQSSWNSSTNNWVGGKGWNPGSSSRVISYSGYYGVDSSQNSYLALYGWTRSPLIEYYVIESYGSYNPASCSGGTDYGSFQSDGATYNVRRCQRVNQPSIDGNQTFYQYFSVRNPKKGFGNISGTITFANHANFWATKGLNLGNHNYQVLATEGYQSRGSSDITVSQGGSSGGGNSSSSSSASGGGSKIIVVRARGTAGGESITLRVGNTNVATWTLTTTMTNYTATTSASGGSLVQYTNDSGNRDVQVDYISVNGSIRQSEDQTYNTGVYQNGSCGGGNGRSEWLHCNGAIGYGDI
Q9AMB5,MNLRKLRLLFVMCIGLTLILTAVPAHARTITNNEMGNQSGYDYELWKDYGNTSMTLNNGGAFSSGWNNIGNALFRKGKKFDSTRTHHQLGNISINYNASFNPGGNSYLCVYVWTQSPLAEYYIVDSWGTYRPTGAYKGSFYADGGTYDIYETTLVNQPSIIGIATFKQYLSVRQTKRTSGTVSVSAHFRKWESLGKPMGKMYETAFTVEGYQSSGSANVMTNQLFIGN
CAA90074.1,MVSFSSLLLACSAVTAFAAPSDQSIAERSLSERSTPSSTGTSGGYYYSFWTDGGGDVTYTNGDGGSYTVEWTKVGNFVGGKGWNPGSSQTISYSGSFIPSGNGYLSVYGWTQNPLIEYYIVESYGDYNPGTAGTHQGTLESDGSTYDIYTATRENAPSIEGTATFTQFWSVRQSKRTSGSVTTQNHFDAWSQLGMTLGTHNYQIVAVEGYQSSGSASITVS
BAA02584.1,MKRKVKKMAAMATSIIMAIMIILHSIPVLAGRIIYDNETGTHGGYDYELWKDYGNTIMELNDGGTFSCQWSNIGNALFRKGRKFNSDKTYQELGDIVVEYGCDYNPNGNSYLCVYGWTRNPLVEYYIVESWGSWRPPGATPKGTITQWMAGTYEIYETTRVNQPSIDGTATFQQYWSVRTSKRTSGTISVTEHFKQWERMGMRMGKMYEVALTVEGYQSSGYANVYKNEIRIGANPTPAPSQSPIRRDAFSIIEAEEYNSTNSSTLQVIGTPNNGRGIGYIENGNTVTYSNIDFGSGATGFSATVATEVNTSIQIRSDSPTGTLLGTLYVSSTGSWNTYQTVSTNISKITGVHDIVLVFSGPVNVDNFIFSRSSPVPAPGDNTRDAYSIIQAEDYDSSYGPNLQIFSLPGGGSAIGYIENGYSTTYKNIDFGDGATSVTARVATQNATTIQVRLGSPSGTLLGTIYVGSTGSFDTYRDVSATISNTAGVKDIVLVFSGPVNVDWFVFSKSGT
Q7ZA57,MVSFKSLLVAVSALTGALARPFDFLDERDDGNATSVLEARQVTGNSEGYHNGYFYSWWSDGGGYAQYRMGEGSHYQVDWRNTGNFVGGKGWNPGTGRTINYGGSFNPQGNGYLCVYGWTRGPLVEYYVIESYGSYNPGSQAQHRGTVYTDGDTYDLYMSTRYQQPSIDGVQTFNQYWSIRRNKRTSGSVNMQNHFNAWRSAGMNLGNHYYQILATEGYQSSGSSSIYVQTS
AEO62054.1,ATCCMVSFTLLLTAIAAAVTTASPLEVVKRGIQPGTGTHEGYFYSFWTDGRGSVDFNPGPRGSYSVTWNNVNNWVGGKGWNPGPPRKIAYNGTWNNYNVNSYLALYGWTRNPLVEYYIVEAYGTYNPSSGTARLGTIEDDGGVYDIYKTTRYNQPSIEGTSTFDQYWSVRRQKRVGGTIDTGKHFDEWKRQGNLQLGTWNYMIMATEGYQSSGSATIEVREA
P55330,BMLTKNLLLCFAAAKAALAVPHDSVAQRSDALHMLSERSTPSSTGENNGFYYSFWTDGGGDVTYTNGDAGAYTVEWSNVGNFVGGKGWNPGSAQDITYSGTFTPSGNGYLSVYGWTTDPLIEYYIVESYGDYNPGSGGTYKGTVTSDGSVYDIYTATRTNAASIQGTATFTQYWSVRQNKRVGGTVTTSNHFNAWAKLGMNLGTHNYQIVATEGYQSSGSSSITVQ
BAE71133.1,MPSLTSLFSFFALASGAFSATADLSKRESYTSSSTGTSNGYYYSFWTDGQGDITYSNGAAGEYSVTWSGDGNFVAGKGWNPGGSREVTFKGSYNPNGNSYLSVYGWTQNPLIEFYIVEDFGTYNPSSGATKKGTVTSDGSVYDIYTSERVNQPSIEGTATFTQYWSVRQNKRSEGTVTTGNHFNAWKNLGMDLGSFNYMIVATEGYYSSGSADITVS
Q9RKN6,ATCCMNLLVQPRRRRRGPVTLLVRSAWAVALAALAALMLPGTAQADTVVTTNQEGTNNGYYYSFWTDSQGTVSMNMGSGGQYSTSWRNTGNFVAGKGWANGGRRTVQYSGSFNPSGNAYLALYGWTSNPLVEYYIVDNWGTYRPTGEYKGTVTSDGGTYDIYKTTRVNKPSVEGTRTFDQYWSVRQAKRTGGTITTGNHFDAWARAGMPLGNFSYYMIMATEGYQSSGSSSINVGGTGGGDNGGGDNGGGGGGCTATVSAGQKWGDRYNLDVSVSGASDWTVTMNVPSPAKVLSTWNVNASYPSAQTLTARSNGSGNNWGATIQANGNWTWPSVSCSAG
Q59962,MTKDNTPIRPVSRRGFIGRAGALALATSGLMLPGTARADTVITTNQTGTNNGYYYSFWTDGGGSVSMNLASGGSYGTSWTNCGNFVAGKGWANGARRTVNYSGSFNPSGNAYLTLYGWTANPLVEYYIVDNWGTYRPTGTYKGTVTSDGGTYDVYQTTRVNAPSVEGTKTFNQYWSVRQSKRTGGSITAGNHFDAWARYGMPLGSFNYYMIMATEGYQSSGSSSISVS
Q8J1V5,MVSLKSLLLTAATALAFPLEAFNATEGFNATSLHELMVRAGTSSGTGTHNGWYYSFWTDGGGTVWYTNGNGGSYSVNWQNCGNFVGGKGWRTGAAATIKYSGNYNPSGNSYLAIYGWTRNPLVEYYIVESYGTYDPSSGAQNLGTFQSDGGTYKIAKSTRYNAPSIEGTKTFTQYWSVRTSKRVGGTVTVANHFNAWKSKGLNLGSHDYQIVATEGYKSSGSASITVQSG
EAA59821.1,FGSCMVSFKSLLVLCCAALGAFATPVGSEDLAAREASLLERSTPSSTGWSNGYYYSFWTDGGGDVTYTNGAGGSYTVQWSNVGNFVGGKGWNPGSTRTINYGGSFNPSGNGYLAVYGWTQNPLIEYYIVESYGTYNPGSGGQHRGTVYSDGATYDIYTATRYNAPSIEGTATFEQFWSVRQSKRTGGTVTTANHFNAWAALGMRLGTHNYQIVATEGYQSSGSASITVY
BAO51923.1,MIYFPQLMVVLTAIHSAIAVPTGQTQASVQKRGPHNFVMGPDHPLMMARRNESLFRRATNYIQDYTTGGTVDFSPESGEFSLSWDTTDDFVVGVGWNPGSTEPITHSGSFNVESGLASLSVYGWTTNPLVEYYIIDEYVNMEQAGTQKGTVYSDGATYTIWENQRVNEPSIEGTSTFNQYISIRESNRASGTITVENHFNAWANVGLKLGTMDFQVIAVESWDGSGNAQQTATQ
Q9HEZ0,MVSFNSLLVAVSAATCALAFPFEFHNGTHVFPRQSTPAGTGTNNGYFYSFWTDGGGSVTYNNGPAGEYSVTWSNADNFVAGKGWNPGSAQAISFTANYQPNGNSYLSVYGWSTNPLVEYYILEDFGTYNPAVSLTHKGTLTSDGATYDVYEGTRVNEPSIQGTATFNQYWSIRSSKRSSGTVTTANHFAAWKQLGLPLGTFNYQIVATEGYQSSGSSTVTVNPAGGVTSPTAPTGPSSVSTTPSGPSSSPSPVGSCAALYGQCGGQGWTGPTCCSSGTCKFSNDWYSQCL
Q9XXV4,MTLLGGGKFSCNWSNIGNALFRIGKKWDCTKTWQQLGTISVAYNVDYRPNGNSYMCVYGWTRSPLIEYYIVDSWGSWRPPGSNSMGTINVDGGTYDIYVTDRINQPSIDGTTTFKQFWSVRTQKKTSGVISVSKHFEAWTSKGLNLGLMYEASLTIEGYQSSGSATVNQNDVTGG
CAD60654.1,AMFKFTKKFLVGLTAALMSISLFSANASAANTDYWQNWTDGGGTVNAVNGSGGNYSVNWSNTGNFVVGKGWTTGSPFRTINYNAGVWAPNGNAYLTLYGWTRSPLIEYYVVDSWGTYRPTGTYKGTVYSDGGTYDVYTTTRYDAPSIDGDKTTFTQYWSVRQSKRPTGSNATITFSNHVNAWKRYGMNLGSNWSYQVLATEGYQSSGSSNVTVW
O52375,MCVVLANPFYAQAAMTFTSNATGTYDGYYYELWKDTGNTTMTVDTGGRFSCQWSNINNALFRTGKKFSTAWNQLGTVKITYSATYNPNGNSYLCIYGWSRNPLVEFYIVESWGSWRPPGATSLGTVTIDGATYDIYKTTRVNQPSIEGTRTFDQYWSVRTSKRTSGTVTVTDHFKAWAAKGLNLGTIDQITLCVEGYQSSGSANITQNTFTIGGSSSGSSNGSNNGSNDGSNGGTNAGISTASRIECESMSLSGPYVSRITYPFNGIALYANGDRATANVNFSASRNYTFKLRGCGNNNNLASVDLLIDGKKVGSFYYKGTYPWEASINNVYVSAGTHRVELVLSADNGTWDVYADYLLIQ
B3VSG7,MVSASSLLLAASAIAGVFSAPAAAPVSENLNVLQERALTSSATGTSGGYYYSFWTDGSGGVTYSNGDNGQYAVSWTGNKGNFVGGKGWAVGSERSISYTGSYKPNGNSYLSVYGWTTFPLIEYYIVEDFGTYDPSSAATEIGSVTSDGSTYKILETTRTNQPSIQGTATFKQYWSVRTSKRTSGTVTTANHFAAWKKLGLTLGSTYDYQIVAVEGYQSGSASITVS
AEM05866.1,MVAISRFAVALSAITGTLAAPTDRADAPVQKRGPYNFVMGPDHPLMLARRNLTMSRRSTNYDQDYTTGGTVDFSPASGEFYVSWDTTDDFVVGVGWQPGSTAPVTHGGSFDVESGLASLSLYGWSTNPLVEYYIIDDEVDMSQSGTQKGTVYSDGSTYTIWENQRVNEPSIEGTSTFNQYISIRDSPRVSGTITVENHFQAWADLGMDLGTLNFQVIAVESWDGSGNCYQTVSN
Q4WG11,ATCCCBSFGSCMVSFSYLLLACSAIGALAAPVEPETTSFNETALHEFAERAGTPSSTGWNNGYYYSFWTDGGGDVTYTNGAGGSYSVNWRNVGNFVGGKGWNPGSARTINYGGSFNPSGNGYLAVYGWTTNPLIEYYVVESYGTYNPGSGGTFRGTVNTDGGTYNIYTAVRYNAPSIEGTKTFTQYWSVRTSKRTGGTVTMANHFNAWSRLGMNLGTHNYQIVATEGYQSSGSASITVY
Q9RMH9,MNAFAHPRGRRHGRSAPMSPRSTWAVLLAALAVMLLPGTATAAPVITTNQTGTNNGWWYSFWTDAQGTVSMDLGSGGTYSTQWRNTGNFVAGKGWSTGGRKTVNYSGTFNPSGNAYLTLYGWTTGPLIEYYIVDNWGTYRPTGKYKGTVTSDGGTYDIYKTTRYNAPSIEGTKTFDQYWSVRQSKRTGGTITSGNHFDAWARNGMNLGNHNYMIMATEGYQSSGSSTITVSESGSGGGGGGGGCTATLSAGEKWGDRYNLNVSVSGSSNWTVTMKVPSPAKVSSTWNVSTSYPDSQTLVAKPNGNGNNWGVTIQTNGNWTWPTVSCSVG
Q9UW17,MKFFATIAALVVAAVAAPVAEAEAEASSPMLIERAGPGGINYVQNYNGNLGQFTYNENAGTYSMYWNNGVNGDFVVGLGWSTGAARSITYSSNYQASGGSYLSVYGWINSPQAEYYIVESYGSYNPCGAGQSGVTQLGTVYSDGATYTVCTDTRTNQPSITGTSTFKQYWSVRQTKRTSGTVTTGNHFAYWAKYGFGNSYNFQVMAVEAFSGTGSASVTVS
O52780,MRQKLLVTFLILITFTVSLTLFPVNVRADVVITSNQTGTHGGYNFEYWKDTGNGTMVLKDGGAFSCEWSNINNILFRKGFKYDETKRHDQLGYITVTYSCNYQPNGNSYLGVYGWTSNPLVEYYIIESWGTWRPPGATPKGTITVDGGTYEIYETTRVNQPSIKGTATFQQYWSVRTSKRTSGTISVTEHFKAWERLGMKMGKMYEVALVVEGYQSSGKADVTSMTITVGNAPSTSSPPGPTPEPTPRSAFSKIESEEYNSLKSSTIQTIGTSDGGSGIGYIESGDYLVFNKINFGNGANSFKARVASGADTPTNIQLRLGSPTGTLIGTLTVASTGGWNNYEEKSCSITNTTGQHDLYLVFSGPVNIDYFIFDSNGVNPTPTSQPQQGQVLGDLNGDKQVNSTDYTALKRHLLNITRLSGTALANADLNGDGKVDSTDLMILHRYLLGIISSFPRSNPQPSSNPQPSSNPQPTINPNAKLVALTFDDGPDNVLTARVLDKLDKYNVKATFMVVGQRVNDSTAAIIRRMVNSGHEIGNHSWSYSGMANMSPDQIRKSIADTNAVIQKYAGTTPKFFRAPNLETSPTLFNNVDLVFVGGLTANDWIPSTTAEQRAGAVINGVRDGTIILLHDVQPEPHPTPEALDIIIPTLKSRGYEFVTLTELFTLKGVPIDPSVKRMYNSVP
Q38Q19,MVAPSSLLLLGAASAGVIAAPATDTPEVHELARRQATPNSQGTHDGFFYSWWSDGGAPVTYTNLADGSYSVEWQSGGNLVGGKGWNPGVDARAITISGTYSPNGNSYLAVYGWMRSPLVEYYIVENFGTYDPSSQAERLGTVNCDGSVYDVARATRTNAPSIDGTQTFTQYWSVRRNKRTGGTVRTGCHFDAWRAAGLPIGQHDYQIVATEGYFSSGSARITVSDSG
AFK33222.1,MNLKRLRLLFVMCIGFVLTLTAVPAHAETIYDNRIGTHSGYDFELWKDYGNTSMTLNNGGAFSASWNNIGNALFRKGKKFDSTKTHHQLGNISINYNAAFNPGGNSYLCVYGWTQSPLAEYYIVESWGTYRPTGTYKGSFYADGGTYDIYETLRVNQPSIIGDATFKQYWSVRQTKRTSGTVSVSEHFKKWESLGMPMGKMYETALTVEGYRSNGSANVMTNQLMIGR
A1CCU0,AATCCCBSDSMNCTCNRRLMVSFKYLFLAASALGALAAPVEVEESSWFNETALHEFAERAGTPSSTGWNNGYYYSFWTDNGGTVNYQNGNGGSYSVQWKDTGNFVGGKGWNPGSARTINYSGSFNPSGNAYLTVYGWTTNPLVEYYIVENYGTYNPGNGGTYRGSVYSDGANYNIYTATRYNAPSIEGDKTFTQYWSVRQSKRTGGTVTTANHFNAWAQLGMSLGTHNYQIVATEGYQSSGSSSITVY
Q96W72,BMKVTAAFAGLLATTLAAPATELVTRSINYVQNYNGNLGAFSYNEGAGTFSMYWQQGVSNDFVVGLGRSTGSSNPITYSASYSASGGSYLAVYGWVNSPQAEYHVVEAYGNYNPCSSGSATNLGTVSSDGGTYQVCTDTRVNQPSITGTSTFTQFFSVRQGSRTSGTVTIANHFNFWAKHGFGNSNFNYQVVAVEAWSGTGTASVTVSA
P35809,ASGTPSSTGTDGGYYYSWWTDGAGDATYQNNGGGSYTLTWSGNNGNLVGGKGWNPGAASRSISYSGTYQPNGNSYLSVYGWTRSSLIEYYIVESYGSYDPSSAASHKGSVTCNGATYDILSTWRYNAPSIDGTQTFEQFWSVRNPKKAPGGSISGTVDVQCHFDAWKGLGMNLGSEHNYQIVATEGYQSSGTATITVT
P55329,AMKVTAAFAGLLVTAFAAPVPEPVLVSRSAGINYVQNYNGNLGDFTYDESAGTFSMYWEDGVSSDFVVGLGWTTGSSKAITYSAEYSASGSSSYLAVYGWVNYPQAEYYIVEDYGDYNPCSSATSLGTVYSDGSTYQVCTDTRTNEPSITGTSTFTQYFSVRESTRTSGTVTVANHFNFWAQHGFGNSDFNYQVMAVEAWSGAGSASVTISS
C7F433,MFKFKKNFLVGLTAALMSISLFSASASAAGTDYWQNWTDGGGTVNAVNGSGGNYSVNWSNTGNFVVGKGWTTGSPFRTINYNAGVWAPNGNGYLTLYGWTRSPLIEYYVVDSWGTYRPTGTYKGTVNSDGGTYDIYTTTRYNAPSIDGDNTTFTQYWSVRQTKRPTGINAAITFSNHVNAWKSHGMNLGSNWSYQVLATEGYQSSGSSNVTVW
AHE13930.1,BMVSLKAVLLGAAGALAFPFNVTQMNELVARAGTPSGTGTHNGFFYSFWTDGGGNVNYQNGAGGSYSVQWQNCGNFVGGKGWNPGAARTINFSGSFNPQGNGYLAIYGWTKNPLVEYYIVESFGNYDPSSQASKFGTIQQDGSTYTVAKSRRVNQPSIIGTATFDQFWSVRQNKRTSGSVNVGAHFNAWSKAGLQLGSHDYQIVATEGYQSSGSSSITVS
Q9UUQ2,MKSFIAYLLASVAVTGVMAVPGEYHKRHDKRQTITSSQTGTNNGYYYSFWTNGGGTVQYTNGAAGEYSVTWENCGDFTSGKGWSTGSARDITFEGTFNPSGNAYLAVYGWTTSPLVEYYILEDYGDYNPGNSMTYKGTVTSDGSVYDIYEHQQVNQPSISGTATFNQYWSIRQNTRSSGTVTTANHFNAWAKLGMNLGSFNYQIVSTEGYESSGSSTITVS
A4K8J7,AVTSNETGYHDGYFYSFWTDAPGTVSMELGPGGNYSTSWTNCGNFVAGKGWSNGGRRNVQYSGSFYPSGNGYLALYGWTSNPLVEYYIVDNWGNYRPTGTYKGTVTSDGGTYDVYQTTRYNAPSVEGTKTFNQYWSVRQSKRTGGTITTGNHFDAWARYGMQLGSFSYYMILATEGYQSSGSSNITVSG
ACL75128.1,MKKKIMRALTLGLSIVCCTFALNVQAATTITENKTGTIDGYDYELWKDNGTTSMTLNGGGKFSCSWSNINNALFRTGKKYNETQTHQQLGTISLDYACNYQPSGNSYLSVYGWTSSPLVEYYIIESWGNWRPPGAQSKGTITVDGATYDVYETTRVNQPSIKGTATFQQYWSVRTSKRTIGTISVSEHFKAWEKMGMTMGKMYEVSLVVEGYQSSGRADVTTMSINVGSQPPPVTKGDLNADGSINALDIAALKSHLIGATKLSGTALSNADVNGDGQVDALDFATMKKFLLGMISKF
Q92397,MVASAAPVTEAEDGQAATPIAIEKRTGNYVQNYNGNVANFEYSQYDGTFSVNWNGNTDFVCGLGWTVGTGRTITYSGSYNPGYSGSYQAIYGWTGQGSLSEYYVIDNYGGYNPCTGSGVTQLGSLYSDGSSYQVCTHTQYNQPSIVGTTTFPQYFSVRQNKRSSGSVNMQNHFNYWAQHGFPNRNFNYQVLAVEGFSGSGNANMKLISG
AHX56799.1,MKKLIALSFIAAFFAPLFAQGPTWTTSTIQAYNGYDYELWNQNNAGTVSMKLTGDNGSGASAVGGTFTATWSNTQNVLFRSGKKWGSSSNQNHTQIGNMSINFAATWSSTDNVKMLGVYGWAYFTSANVPTKQENGTNASFSNQIEYYIIQDRGSYNPASGGTNAKKYGSATIDGIAYDFYVCDRINQPMLTGNGNFKQFFSVPQSASAHRTSGTISVSQHFNKWHELGMKMDGPLYEVAMKVESYTGSGSSNGSATVTKNLLTIGGTTPTPSSNSGGTTSSSSRASSSSRASSSSNAAVQATTCKTPLITYPTSTVPSDPYTACFKYTDDKCYVCKVENEGEFEGNMNTCGSGWVWDGTQIDNNLRDGYWYQEVPCPAGSSSSRSSSSSVAVSSSSRSSSSSVAASSSSRSSSSSASVSSSSEETPIRVLHTIPSKFRVRSLNNGALQIESNADVVLYLYDTKGKMAQKIEAPTGSSIVKLSVPAGIYIVRNVQTKEKLRVMVR
D1GFE6,CGMCCMVSFSNLFMAACAAVTAFALPNELDKRALTTSKQGTSDGYFYSFWTNGGGSVSYENGAAGQYSVTWKNCDSFTSGKGWATGSARNIKFSGSFKPSGNAYLAVYGWTTSPLVEYYIMESYGEYNPGSSMTFKGTVTSDGSVYDIYTHKQVNQPSIVADSSTFDQYWSIRRNKRSSGTVTTANHFNAWSKLGMGMGSHGYQIVSTEGYKSSGSSSITVS
AAS31741.1,USQTIGPGTGYSNGYYYSYWNDGHAGVTYTNGGGGSFTVNWSNSGNFVAGKGWQPGTKNKVINFSGSYNPNGNSYLSIYGWSRNPLIEYYIVENFGTYNPSTGATKLGEVTSDGSVYDIYRTQRVNQPSIIGTATFYQYWSVRRNHRSSGSVNTANHFNAWASHGLTLGTMDYQIVAVEGYFSSGSASITVS
A3QRI7,MFKFSKKMLTVILAASMSFGVFAATSSAATDYWQNWTDGGGTVNAVNGSGGNYSVTWQNTGNFVVGKGWNVGSPNRTINYNAGVWSPSGNGYLTLYGWTRNALIEYYVVDSWGTYRPTGTFKGTVNSDGGTYDIYTTMRYNAPSIDGTQTFAQYWSVRQSKRATGVNSAIAFSNHVNAWASKGMNLGSSWSYQVLATEGYQSSGSSNVTVW
Q12580,MVNFSSLFLAASAAVVAVAAPGELPGMHKRQTLTSSQTGTNNGYYYSFWTDGQGNVQYTNEAGGQYSVTWSGNGNWVGGKGWNPGSARTINYTANYNPNGNSYLAVYGWTRNPLIEYYVVENFGTYNPSTGATRLGSVTTDGSCYDIYRTQRVNQPSIEGTSTFYQFWSVRQNKRSGGSVNMAAHFNAWAAAGLQLGTHDYQIVATEGYYSSGSATVNVGASSDGSTGGGSTGGGSTNVSF
P48824,BNBRCMLTKNLLLCFAAAKAVLAVPHDSVVERSDALHKLSERSTPSSTGENNGYYYSFWTDGGGDVTYTNGNAGSYSVEWSNVGNFVGGKGWNPGSAKDITYSGTFTPSGNGYLSVYGWTTDPLIEYYIVESYGDYNPGSGGTYKGTVTSDGSVYDIYTATRTNAPSIQGTATFTQYWSVRQNKRVGGTVTTSNHFNAWAKLGMNLGTHNYQILATEGYQSSGSSSITIQ
D3KT79,MARLSQFLLTCALAVKAFAAPAAEAEPVEERGPNFFSALTERSTGSSTGYSNGYYYSFWTDGASGDVEYSNGAGGSYSVTWSSASNFVGGKGWNPGSAHDITYSGSWTSTGNSNSYLSVYGWTTGPLVEYYILEDYGEYNPGSAGTYKGTVYSDGSTYNIYTATRTNAPSIQGTATFTQYWSIRQTKRVGGTVTTANHFNAWAKLGMNLGTHNYQIVATEGYYSSGSASITVA
Q14RS0,NTYWQYWTDGIGYVNATNGQGGNYSVSWSNSGNFVIGKGWQYGAHNRVVNYNAGAWQPNGNAYLTLYGWTRNPLIEYYVVDSWGSYRPTGDYRGSVYSDGAWYDLYHSWRYNAPSIDGTQTFQQYWSVRQQKRPTGSNVSITFENHVNAWGAAGMPMGSSWSYQVLATEGYYSSGYSNVTVW
Q9Y7F2,MTVYKRKSRVLIAVVTLLHVLSHAPTKMLTTDVLLTRCMHLCHFRTSDSVYTNETSEERSMSDRLNITRVMSYDRWTDLVGELEVRELKHVMSHRTYSLCDLSCSTVLDSNSMFSLGKGWQAISSRQGVGATVYGWTRSPSLIEYYVVDSWGSYHPSNTITGTFVTVKCDGGTYDIYTAVRVNAPSIEGTTFTQYWSVRQSATIQLAVIKPLTLQNATITFTFSNHFDAWKTMTSEATHSTEGYFSSGITYEQPHQPHRNTWATSLTSQTKHTARSLPINLDRDKQCSQNESQSAASIYCRATSSTPKYWTTKGQNTNFKRASQGTNSDISSRRNNCIQAKIERHKQVRTHTKHRQIAQNRGRAWHTVRQTQKYRGQKWEK
Q9HFT3,TDFCKNASHSGTSDKVTSNKVGSINGIGYELWADGGSNSATFYSDGSFSCSFQNSKDYLCRSGLSFDSTQTHDQIGHIYADFKLVKQNIRNVDYSYVGIYGWSRSPLVEWYIVDNWLSQYRPGDWVGNKKHGDFTIDGAQYTVYENTRYGPSIDGDTQFKQFFSIRQQARDCGTIDISAHFQQWEKLGMKLGKMHEAKVLGEAGSNGGGTSGTADFPYAKVYIK
B0FX61,MLGSILVALTAAAGAIASPLDLITRSTPAGTGTNNGFFYSFWTDGAGQVTYNNGDAGSYDVTWQNVGNFVAGKGWNPGAARVVTYNGTWNGASVNSYLSVYGWTRNPLIEYYVVESFGTYNPSSGATKLGSVESDGGTYDVYRTQRVNQPSIDGTSTFYQFWSVRQQKRVGGSVTMQNHFDAWESAGLKLGTHNYQILATEGYQSSGSAKITVEQS
B9ZZN9,MFKFKKNFLVGLSAALMSISLFSATASAASTDYWQNWTDGGGIVNAVNGSGGNYSVNWSNTGNFVVGKGWTTGSPFRTINYNAGVWAPNGNGYLTLYGWTRSPLIEYYVVDSWGTYRPTGTYKGTVKSDGGTYDIYTTTRYNAPSIDGDRTTFTQYWSVRQTKRPTGSNATITFSNHVNAWKSHGMNLGSNWAYQVMATEGYQSSGSSNVTVW
Q9HGE1,MVSIKSVLAAATAVSSALAAPFDFVPRDNSTALQARQVTPNAEGWHNGYFYSWWSDGGGQVQYTNLEGSRYQVRWRNTGNFVGGKGWNPGTGRTINYGGYFNPQGNGYLAVYGWTRNPLVEYYVIESYGTYNPGSQAQYKGTFYTDGDQYDIFVSTRYNQPSIDGTRTFQQYWSIRKNKRVGGSVNMQNHFNAWQQHGMPLGQHYYQIVATEGYQSSGESDIYVQTH
Q0ZBK9,MVSFKALLFGATGALALPSPFPFNTTEIREAHARGENVTELLMARAGTPSQTGWNNGYYYSFWTDNGGTVNYWNSANGGYGINWSNTGNFVGGKGWNPGSNTRTINFSGTFSPSGNAYLTVYGWTTNPLVEYYIVENYGTYDPGSDGTNLGTFYSDGAYYKLVKKTRVNQPSIEGTSTFNQYWSVRQSKRSSGAVTFGNHVYAWSQKGLNLGTHNYQIMATEGYQSSGSSSITVW
CAC15487.1,MKLFLAAIVLCATAATAFPSELAQRAAGDLSKRQSITTSQTGTNNGYYYSFWTNGGGEVTYTNGDNGEYSVTWVDCGDFTSGKGWNPANAQTVTYSGEFNPSGNAYLAVYGWTTDPLVEYYILESYGTYNPSSGLTSLGQVTSDGGTYDIYSTQRVNQPSIEGTSTFNQYWSVRTEKRVGGTVTTANHFAAWKALGLEMGTYNYMIVSTEGYESSGSSTITVS
Q06562,IMVSFTSIITAAVAATGALAAPATDVSLVARQNTPNGEGTHNGCFWSWWSDGGARATYTNGAGGSYSVSWGSGGNLVGGKGWNPGTARTITYSGTYNYNGNSYLAVYGWTRNPLVEYYVVENFGTYDPSSQSQNKGTVTSDGSSYKIAQSTRTNQPSIDGTRTFQQYWSVRQNKRSSGSVNMKTHFDAWASKGMNLGQHYYQIVATEGYFSTGNAQITVNCP
Q9UVZ3,MVSFTSIITAAVAATGALAAPATDIAARAPSDLVARQSTPNGEGTHNGCFYSWWSDGGARATYTNGAGGSYSVSWGTGGNLVGGKGWNPGTARTITYSGQYNPNGNSYLAIYGWTRNPLVEYYVVENFGTYDPSSQAQNKGTVTSDGSSYKIAQSTRTNQPSIDGTRTFQQYWSVRQNKRSSGSVNMKTHFDAWASKGMNLGSHYYQIVATEGYFSSGSASITVNCP
AAN78423.1,MVAFTSLLAGFAAVAGVLSAPTEDVQVEKRQVIGPGTGFNNGYYYSYWNDGHAGVTYTNGAGGSFSVNWANSGNFVGGKGWNPGSSTRTINFSGSYSPNDNSYLSVYGWSKNPLIEYYIVENFGTYNPSTGATKLGEVTLDGSVYDIYRTQRVNQPSIIGTATFYQYWSVRRSHRSSGSVNVGNHFNAWRNLGLTLGQLDYQIIAVEGYFSSGSANINVS
Q3KT08,TVAKAQWGGNGGAPAGQKLSVGGGQNQHKGVFDGFSYEIWLDNTGGSGSMTLGKGATFKAEWSAAVNRGNFLARRGLDFGSTKKATDYEYIGMDYEASYRQTASASGNSRLCVYGWFQNRGVQGVPLVEYYIIEDWVDWVPDAQGKMVTIDGAQYKIFQMDHTGPTINGGNETFKQYFSVRQQKRTSGHITVSDHFKAWASQGWGIGNLYEVALNAEGWQSSGVADVTKLDVYTTKQGSAPRTTTTTTRTTTRTTTKTLPTTGNKCSAKITAQGYKCCSDPNCVIYYTDDDGKWG
EAW12347.1,NRRLMVSFKYLFLAASALGALAAPVEVEESSWFNETALHEFAERAGTPSSTGWNNGYYYSFWTDNGGTVNYQNGNGGSYSVQWKDTGNFVGGKGWNPGSARTINYSGSFNPSGNAYLTVYGWTTNPLVEYYIVENYGTYNPGNGGTYRGSVYSDGANYNIYTATRYNAPSIEGDKTFTQYWSVRQSKRTGGTVTTANHFNAWAQLGMSLGTHNYQIVATEGYQSSGSSSITVY
Q9L3K3,MKTKKIISGLLSAFIIASSMPAALSAYADDQQEKGNVGGYDWEMWNQNYTGTVSMKPSAGSFTCSWSGIENFLARMGKNYDSQKINYKALGDIVLSYDVEYTPRGNSYMCIYGWTRNPLMEYYIVEGWGDWEPPGNDGVDNFGTATIDGRTYKIRKSMRYNQPSIEGTKTFPQYWSVRTSSGSRNNTTNYMKDSVTVSAHFDAWSKAGLDMSGTLYEVSLNIEGYRSNGSANVKSITVGGDPPPPKEPVKADENGYYLKENFESGTGDWGARGSAKVESSSTGYDGSKGIYVSGRTNNWNGASIKLDTSTFVPGETYSLGAAVMQDSEASVDLKLTLQYTDANGKDNYDEVKTVSAAKGQWTDLSNGSYTIPADASGLELYIEAPDSLTDFYVDGAYAGVKGTKPLLSISNSTNPTDPTDPTNPTINTGIRGDVNEDGVIDSLDMIALRRGIIKIMSGGGIAPPNSDINGDGDVSVADLVALKRFILGIDKKFADPVTTTTVTTTKITTTTTTSTPATGKNLNEQIRKDMPTSVPSGAEQSSQCKVEKKTYMCKFTGKQKSCNVILPPNYDPSKKYPVMYILHGIMGSENDMMQGFGTQGLMTGLMKSGQAEEFIAVTPNMFTSKTMSGPNGINQQTCEQYDNFLYDISESLIPFIEENYPVKTGRENRAITGFSMGGREAIYIGLMRPDLFAYVGGACPAPGITPGSDTFMSHPGCMKESEMKFRDVGPEPNVFMITGGTNDGTVGTFPKQYSDILTRNGVDHVYQSIPGGQHGDNSVKPHLYTFFRYAFK
AEO57157.1,ATCCMVALSSLLVAASAAAVAVAAPSEALQKRQTLTSSQTGFHDGFYYSFWTDGAGNVRYTNEAGGRYSVTWSGNNGNWVGGKGWNPGAARNISFTGQYNPNGNSYLAVYGWTRNPLIEYYIVENFGTYDPSTGAQRLGSITVDGSTYNILKTTRVNQPSIEGTSTFDQFWSVRTNKRSSGSVNVKAHFDAWAQAGLRLGTHDYQIMATEGYFSSGSATITVGEGTSSGGGGDNGGGNNGGGGNTGTCSALYGQCGGQGWTGPTCCSQGTCRVSNQWYSQCL
Q6U894,MFKFVTKVLTVVIAATISFCLSAVPASANTYWQYWTDGGGTVNATNGPGGNYSVTWRDTGNFVVGKGWEIGSPNRTIHYNAGVWEPSGNGYLTLYGWTRNQLIEYYVVDNWGTYRPTGTHRGTVVSDGGTYDIYTTMRYNAPSIDGTQTFQQFWSVRQSKRPTGNNVSVTFSNHVNAWRNAGMNLGSSWSYQVLATEGYQSSGRSNVTVW
P0CT48,MVSFTSIVTAVVALAGSALAIPAPDGNMTGFPFEQLMRRQSTPSSTGRHNGYYYSWWTDGASPVQYQNGNGGSYSVQWQSGGNFVGGKGWMPGGSKSITYSGTFNPVNNGNAYLCIYGWTQNPLVEYYILENYGEYNPGNSAQSRGTLQAAGGTYTLHESTRVNQPSIEGTRTFQQYWAIRQQKRNSGTVNTGEFFQAWERAGMRMGNHNYMIVATEGYRSAGNSNINVQTPA
Q2PU02,MLTKNLLLCFAAAKAALAVPHDSVAQRSDALHMLSERSTPSSTGENNGFYYSFWTDGGGDVTYTNGDAGAYTVEWSNVGNFVGGKGWNPGSAQDITYSGTFTPSGNGYLSVYGWTTDPLIEYYIVESYGDYNPGSGGTYKGTVTSDGSVYDIYTATRTNAASIQGTATFTQYWSVRQNKRVGGTVTTSNHFNAWAKLGMNLGTHNYQIVATEGYQSSGSSSITVQ
O77398,EKVICLLIALFGLIEAQTFYNNAQGQIDGLDYELWKDTGTTSMTLLGGGKFSCSWSNINNCLFRIGKKWNCQYEWWELGTVLVNYDVDYNPNGNSYLCIYGWTRNPLVEYYIVESWGSWRPPGGSPMNTMYVDDGQYDVYVTDRINQPSIDGNTNFKQYWSVRTQKKTRGTVHVNHHFYNWQEMGLKVGKVYEASLNIEGYQSAGSATVNKNEVVQTTEQIGLIISSNLDEILYL
Q12549,MKVTAAFASLLLTAFAAPAPEPVLVSRSAGINYVQNYNGNLGDFTYDESTGTFSMYWEDGVSSDFVVGLGWTTGSSKSITYSAQYSASSSSSYLAVYGWVNSPQAEYYIVEDYGDYNPCSSATSLGTVYSDGSTYQVCTDTRRTRPSITGTSTFTQYFSVRESTRTSGTVTIANHFNFWAQHGFGNSNFNYQVMAVEAWNGVGSASVTISS
Q9EW89,ATVITTNQTGTNNGFYYSFWTDGGGSVSMTLNSGGNYSTSWTNCGNFAAGKGWSNGGRRNVQYSGSFYPSGNGYLALYGWTSNPLVEYYIVDNWGNYRPTGTYKGTVTSGGGTYDVYQTTRYNAPSVEGTKTFNQYWSVRQSKRTGGTITTGNHFDAWARYGMQLGSFSYYMILATEGYQSSGSSNITVSG
B0FIU1,MVASAAPVVEAEDGQAATPIAIEKRTGNYFQNYNGNVANVKYSQYDGTFSVNWNGDTDFVCGLGWTVGTGRSIRYSGSYNPGYSGSYQAIYGWTGQGSLSEYYVIDNYGGYNPCTGSGVTQLGNLYSDGSSYQVCTHTQYNQPSIVGTTTFPQFFSVRQNKRSSGSVNMQNHFNYWAQHGFPNRNFDYQVLAVQGFSGSGNANMKLISG
AAD37441.2,AMTVYKRKSRVLIAVVTLLHVLSHAPTKMLTTDVLLTRCMHLCHFRTSDSVYTNETSEERSMSDRLNITRVMSYDRWTDLVGELEVRELKHVMSHRTYSLCDLSCSTVLDSNSMFSLGKGWQAISSRQGVGATVYGWTRSPSLIEYYVVDSWGSYHPSNTITGTFVTVKCDGGTYDIYTAVRVNAPSIEGTTFTQYWSVRQSATIQLAVIKPLTLQNATITFTFSNHFDAWKTMTSEATHSTEGYFSSGITYEQPHQPHRNTWATSLTSQTKHTARSLPINLDRDKQCSQNESQSAASIYCRATSSTPKYWTTKGQNTNFKRASQGTNSDISSRRNNCIQAKIERHKQVRTHTKHRQIAQNRGRAWHTVRQTQKYRGQKWEK
A3DJP0,ATCCDSMNBRCNCIMBNRRLVPIMKQKLLVTFLILITFTVSLTLFPVNVRADVVITSNQTGTHGGYNFEYWKDTGNGTMVLKDGGAFSCEWSNINNILFRKGFKYDETKTHDQLGYITVTYSCNYQPNGNSYLGVYGWTSNPLVEYYIIESWGTWRPPGATPKGTITVDGGTYEIYETTRVNQPSIKGTATFQQYWSVRTSKRTSGTISVTEHFKAWERLGMKMGKMYEVALVVEGYQSSGKADVTSMTITVGNAPSTSSPPGPTPEPTPRSAFSKIEAEEYNSLKSSTIQTIGTSDGGSGIGYIESGDYLVFNKINFGNGANSFKARVASGADTPTNIQLRLGSPTGTLIGTLTVASTGGWNNYEEKSCSITNTTGQHDLYLVFSGPVNIDYFIFDSNGVNPTPTSQPQQGQVLGDLNGDKQVNSTDYTALKRHLLNITRLSGTALANADLNGDGKVDSTDLMILHRYLLGIISSFPRSNPQPSSNPQPSSNPQPTINPNAKLVALTFDDGPDNVLTARVLDKLDKYNVKATFMVVGQRVNDSTAAIIRRMVNSGHEIGNHSWSYSGMANMSPDQIRKSIADTNAVIQKYAGTTPKFFRPPNLETSPTLFNNVDLVFVGGLTANDWIPSTTAEQRAAAVINGVRDGTIILLHDVQPEPHPTPEALDIIIPTLKSRGYEFVTLTELFTLKGVPIDPSVKRMYNSVP
A6YAP7,MVSFIFTRIILFAAAINGAVALPMNTTEPEDFSILSRSGTPSSTGYSNGYYYSWWTDGAAQATYANGGGGQYSLNWSGNNGNLVGGKGWNPGFNGRVIQYSGTYQPNGNSYLSVYGWTLNPLIEYYIVESYGSYNPSSAAARKGSVNCDGANYDILTTTRYNEPSINGTQTFQQFWSVRNPKKNPGGSISGSVSTGCHFTAWGNLGMNLGSTWNYQIVATEGYQSSGFSSITVA
Q6TLP3,MFKLSKKILMVLLTISMSFISLFTVTAYAASTDYWQNWTDGGGTVNATNGSDGNYSVSWSNCGNFVVGKGWTTGSATRVINYNAGAFSPSGNGYLALYGWTRNSLIEYYVVDSWGTYRPTGTYKGTVTSDGGTYDIYTTTRTNAPSIDGNNTTFTQFWSVRQSKRPIGTNNTITFSNHVNAWKSKGMNLGSSWSYQVLATEGYQSSGYSNVTVW
O74716,MFLTSVVSLVVGAISCVSAAPAAASELMQMTPRNSCYGGGLYSSYWADYGNTRYSCGAGGHYDLSWGNGGNVVAGRGWKPASPRAVTYSGSWQCNGNCYLSVYGWTINPLVEYYIVENYGNYNPSAGAQRRGQVTADGSIYDIYISTQHNQPSILGTNTFHQYWSIRRNKRVGGTVSTGVHFNAWRSLGMPLGTYDYMIVATEGFRSSGSASITVS
P81536,GTTPNSEGWHDGYYYSWWSDGGGDSTYTNNSGGTYEITWGNGGNLVGGKGWNPGLNARAIHFTGVYQPNGTSYLSVYGWTRNPLVEYYIVENFGSSNPSSGSTDLGTVSCDGSTYTLGQSTRYNAPSIDGTQTFNQYWSVRQDKRSSGTVQTGCHFDAWASAGLNVTGDHYYQIVATEGYFSSGYARITVADVG
AFG19439.1,MFYSTLATVALAITGAIASPAASPFDLMRRQGITPNSVGTHDGYYYSWWSDGASPVTYTNLAGGSYSVQWQSGGNLVGGKGWKPGSAKNITYSGTWTPVNNGNSYLTVYGWTRNPLVEYYIIENFGEYNPGSSATPKGTVQTSEGTYNLFQSTRVQQPSIEGTSTFNQYWAIRTEKRTGGTVDTGIFFDAWEKAGMPLGTHDYMVVATEAYRSAGSSHITVESPP
Q45UD8,MKVTAAFASLLLTAFAAPAPEPVLVSRSAGINYVQNYNGNLGDFTYDESTGTFSMYWEDGVSSDFVVGLGWTTGSSKSITYSAQYSASSSSSYLAVYGWVNSPQAEYYIVEDYGDYNPCSSATSLGTVYSDGSTYQVCTDTRTNAPSITGTSTFTQYFSVRESTRTSGTVTIANHFNFWAQHGFGNSNFNYQVMAVEAWNGAGSASVTISS
BAO51920.1,MGISSILLSALIAGGALALPAAEPVSFDIRDENITLARRAEAINYNQNYIASGANVQYSPNIAAGSFSINYNTQGDFVVGLGWQPGDANPITYSGSFSASGVGILAVYGWTTNPLVEYYIMEVHDGYQTVGTHKGTVTSDGGTYDIWEHQQVNQPSILGTSTFNQYISIRQSPRTSGTVTVQNHFNAWAQAGLNLGTMNYQVLAVESWSGSGSGQISLSKGTGGGTTTTTPTGPTSTSTAPSSGGTGAAQWGQCGGIGWTGPTTCVSPYTCKYFNAYYSQCQ
AEV23009.1,MISISSLSFGLAAIAGAYALPSDKSVSLAERQTITTSQTGTNNGYYYSFWTNGAGSVQYTNGAGGEYSVTWANQNGGDFTCGKGWNPGSDHDITFSGSFNPSGNAYLSVYGWTTNPLVEYYILENYGSYNPGSGMTHKGTVTSDGSTYDIYEHQQVNQPSIVGTATFNQYWSIRQNKRSSGTVTTANHFKAWASLGMNLGTHNYQIVSTEGYESSGTSTITVSSGGSSSGGSGGSSSTTSSGSSPTGGSGSVSLLPYGCGFMCILTVIVLCFVGPVRWNWLVWSYLLLFGHLPGFELVLLPVLVVPSCRVISK
ABE02800.1,MVSFKSLLLAASAFTAVLGRPFDSFDGPDVNITDADELLVRRQVTANSEGTHNGYFYSWWSDGGGQVTYTMGAGSRYSVTWKDTGNFVGGKGWNPGTGRTINYGGSFSPQGNGYLAVYGWTRNPLIEYYVVESYGTYNPGSGGQLKGTVTTDGGTYNVYVSTRTNQPSIDGTRTFQQYWSVRTSKRVGGAVTMQNHFNAWAQFGMNLGAHYYQIVATEGYQSSGPSDIYVQTQCKSLCDRGRVTWRDVVC
BAA82316.1,JMKQVKIMFLMTMFLGIGLLFFSENAEAAITSNEIGTHDGYDYEFWKDSGGSGSMTLNSGGTFSAQWSNVNNILFRKGKKFDETQTHQQIGNMSINYGATYNPNGNSYLTVYGWTVDPLVEFYIVDSWGTWRPPGGTPKGTINVDGGTYQIYETTRYNQPSIKGTATFQQYWSVRTSKRTSGTISVSEHFRAWESLGMNMGNMYEVALTVEGYQSSGSANVYSNTLTIGGQSGGEQATRVEAESMTKGGPYTSNITSPFNGVALYANGDNVSFNHSFTKANSSFSLRGASNNSNMARVDLRIGGQNRGTFYFGDQYPAVYTINNINHGIGNQLVELIVTADDGTWDAYLDYLEIR
A4GG22,MIKSKKKFLTVCIAALMSFSLFAATSNAATDYWQYWTDGGGTVNATNGSGGNYSVTWSNVGNFVVGKGWGTGSPTRTVNYNAGVWAPSGNGYLTLYGWTRNSLIEYYVVDSWGTYRPTGTYKGTVTSDGGTYDIYTTMRYNAPSIDGTQTFPQYWSVRQSKRPTGSNVSITFSNHVNAWRNAGMNLGSSWAYQVLAVEGYQSSGSANVTVW
BAO51919.1,MKITSVFAGLLATALAAPVEDSALVERAGGINYVQNYNGNLGDFTYNESAGTYSMYWEDGVNGDFVVGLGWSTGAARSITYSANYNAANSGSYLSVYGWINSPQAEYYIVENYGNYNPCSGAQSLGTLTSDGGTYQVCTDTRYNQPSITGTSTFTQFFSVRQNKRSSGTVTTGNHFNFWAQHGFGNSYNFQVMAVEAFNGAGSATVTVS
P33557,NBRCMKVTAAFAGLLVTAFAAPVPEPVLVSRSAGINYVQNYNGNLGDFTYDESAGTFSMYWEDGVSSDFVVGLGWTTGSSNAITYSAEYSASGSSSYLAVYGWVNYPQAEYYIVEDYGDYNPCSSATSLGTVYSDGSTYQVCTDTRTNEPSITGTSTFTQYFSVRESTRTSGTVTVANHFNFWAQHGFGNSDFNYQVMAVEAWSGAGSASVTISS
B8YG19,MRLGVALSTIAVLLTATSARNLDKRQWGWPNFGGGNGGNGGNGGKTINDYKREQGAGRDIHVYAPSNLAPNSPLLLSLHGMDQDPNYQQSNTHWETLADSEGFVVVYPRGGTGMSTWDIQGTKDTQWVSQIIDQMKKEYNIDTKRVYLSGFSMGGMFTYHAMSQIANKIAAFAPCSGPNVFGASKAQRPVPIFHVHGTNDDVLNYQQVEGFLKNYRDQFHCPSQADTKTNYPNRENPNATLYTWGPCDKGVYIKHLKLQGRGHSPSSADIQDIWDFVSQWTVDGPVSASGNGGGNTTPTNPSTGGNGNGNGGGNTTPTNPSTGGNGNGNGGSTDKCSSNITKQGYKCCASNCEVVYTDSDGDWGVENDQWCGCGNRVTVGSGTCSAKILQQGYKCCPSGCIIYYTDEDGTWGVNGEEWCGCGSGSSSTGGGNDAPSSGSGYQGANGTNFCNNAKHSGESVTVTSNKVGDINGIGYELWADSGNNSATFYDDGSFSCSFQRAKDYLCRSGLSFDSTKTHKQIGHIYAEFKLVKQNIQNVDYSYVGIYGWTRNPLVEFYVVDNWLSQWRPGDWVGNKKHGDFTIGGAQYTVYENTRYGPSIDGDTNFKQYFSIRQQPRDCGTIDITAHFEQWEKLGMTMGKMHEAKVLGEAGSNNGGTSGTADFPFAKVYVKN
AEO62969.1,NRRLMVSFTYLALLASSVLGAVAAPAAEPAGADLPDFEFNIEARNLTRRQDYNQNWKGGGGSVQYSATSNGYSVTFSGAGDFVVGKGWRTGSASRTIKYQGNTQAQAGTVLLSVYGWSRNPLVEYYVQQYTSNGQGSAQGQKLGTYESDGATYEIWKHQQVNQPSIEGTSTFWQYISNRVSGSAPTSGTVTMANHINAWKQHGLNLGQLDYQVLATEGWGGASGSSSYTISG
AEH04392.1,MNDAPAHPKSRRHGRIRLFVGRVCTALVALVTATTMLPGVANAAVTSNQTGTHDGYFYSFWTDSPGTVSMELGPGGNYSTSWSNTGNFVVGKGWSTGGRRTVTYSGSFNPSGNAYLTLYGWTRNPLVEYYIVDNWGTYRPTGTYKGTVTSDGGTYDIYETTRTNAPSIEGTATFKQYWSVRQSRRTGGTITAGNHFDAWARHGMNLGSHDYMIMATEGYQSSGSSNITVGGSGGGNPGGNPGGNPGGGGCTATLSAGQQWSDRYNLGVSVSGSSNWTVTMNVPSPAKIIATWNISASYPNAQTLTARPNGNGNNWGVTIQHNGNWTWPTVSCSAN
B8I7X1,ATCCDSMJCMMKKKIMRALTLGLSIVCCTFALNVQAATTITENKTGTIDGYDYELWKDNGTTSMTLNGGGKFSCSWSNINNALFRTGKKYNETQTHQQLGTISLDYACNYQPSGNSYLSVYGWTSSPLVEYYIIESWGNWRPPGAQSKGTITVDGATYDVYETTRVNQPSIKGTATFQQYWSVRTSKRTIGTISVSEHFKAWEKMGMTMGKMYEVSLVVEGYQSSGRADVTTMSINVGSQPPPVTKGDLNADGSINALDIAALKSHLIGATKLSGTALSNADVNGDGQVDALDFATMKKFLLGMISKF
P55334,MVSLKSVLAAATAVSSAIAAPFDFVPRDNSTALQARQVTPNAEGWHNGYFYSWWSDGGGQVQYTNLEGSRYQVRWRNTGNFVGGKGWNPGTGRTINYGGYFNPQGNGYLAVYGWTRNPLVEYYVIESYGTYNPGSQAQYKGTFYTDGDQYDIFVSTRYNQPSIDGTRTFQQYWSIRKNKRVGGSVNMQNHFNAWQQHGMPLGQHYYQVVATEGYQSSGESDIYVQTH
E2IHA1,MDLRKLRLLFVMCIGLTLILTAVPAHARTITNNEMGNHSGYDYELWKDYGNTSMTLNNGGAFSAGWNNIGNALFRKGKKFDSTRTHHQLGNISINYNASFNPVGNSYLCVYGWTQSPLAEYYIVDSWGTYRPTGTHKGTFYADGGTYDIYETTRVNQPSIIGIATFKQYWSVRQTKRTSGTVSVSAHFKKWESLGMPMGKMYETAFTVEGYQSSGSANVMTNQLFIGN
P54865,MSDSFEATRTTRRRRPLQALTGLLAAGALVAGALAAASPAAAAVTSNTTGTHDGYFYSFWTDSPGSVSMDLNSGGGYTRWSNTGNFVAGKGWSTGGRKTVSYSGQFNPSRNAYLTLYGWTQSPLVEYYIVDSWGTYRPTGTFMGTVTSDGGTYDIYRTQRVNKPSIEGDSSTFYQYWSVRQQKRTGGTITSGNHFDAWASKGMNLGRHNYMIMATEGYQSSGSSSITVSEGSGGGGGGDTGGGGGSTGCSVTATRAEEWSDRFNVTYSVSGSSAWTVNLALNGSQTIQASWNANVTGSGSTRTVTPNGSGNTFGVTVMKNGSSTTPAATCAGSGGGTATPTPTPTPTPTPQSCSAGYVGLTFDDGPNTGTTNQILSTLTQYGATATVFPTGQNAQGNPSLMQAYKNAGVQIGNHSWDHPHLVNMSQSDMQSQLTRTQQAIQQTAGVTPTLFRPPYGESNATLRQVESSLGLREIIWDVDSQDWNNASASQIRQAASRLTNGQIILMHDWPAATVQALPGILQDLRSRNLCTGHISSSTGRAVAPSSAGGGGGGGGGTGSCSVSAVRGEEWADRFNVTYSVSGSSSWVVTLGLNGGQSVQSSWNAALTGSSGTVTARPNGSGNSFGVTFYKNGSSATPGATCATG
Q9UVF9,MVSFTTLLAGFVAVTGVLSAPTETVEVVDVEKRQTIGPGTGFNNGYYYSYWNDGHSGVTYTNGAGGSFSVNWANSGNFVGGKGWNPGSSSRVINFSGSYNPNGNSYLSVYGWSKNPLIEYYIVENFGTYNPSTGTTKLGEVTSDGSVYDIYRTQRVNQPSIIGTATFYQYWSVRRNHAPAARSRLRTTSNAWRNLGLTLGTLDYQIIAVEGYFSSGNANINVS
Q00351,MVAFTSVLLGLSAIGSAFAAPVADVPDFEFSGPKHLAARQDYNQNYKTGGNIQYNPTSNGYSVTFSGAQDFVLGKGWKQGTTRTVKYTGSTQAQAGTVLVALYGWTRGSKLVEYYIQDFTSGGSGSAQGQKMGQVTCDGSVYDIWQHTQVNQPSIVGTTTFVQYISNRVSKRSTGGTITTKCHFDAWAKLGMNLGNQWDYQTISTEGWGNAAGKSQYTVSAA
B7SIW1,BMVSFNSLLVAVSAATCALAFPFEFHNGTHVFPRQSTPAGTGTNNGYFYSFWTDGGGSVTYNNGPAGEYSVTWSNADNFVAGKGWNPGSAQAISFTANYQPNGNSYLSVYGWSTNPLVEYYILEDFGTYNPAVSLTHKGTLTSDGATYDVYEGTRVNEPSIQGTATFNQYWSIRSSKRSSGTVTTANHFAAWKQLGLPLGTFNYQIVATEGYQSSGSSTVTVNPAGGVTSPIAPTGPSSVSTTPSGPSSSPSPVGTCSALYGQCGGQGWTGPTCCSSGTCKFSNNWYSQCL
B0FXM0,MVSFTSLLAGVAAISGVLAAPAADVAESVAVEKRQTIQPGTGYNNGYFYSYWNDGHGGVTYTNGPGGQFSVNWSNSGNFVGGKGWQPGTKNKVINFSGSYNPNGNSYLSVYGWSRNPLIEYYIVENFGTYNPSTGATKLGEVTSDGSVYDIYRTQRVNQPSIIGTATFYQYWSVRRNHRSSGSVNTANHFNAWAQQGLTLGTMDYQIVAVEGYFSSGSASITVS
Q45VU1,MFKFKKNFLVGLSAALMSISLFSATASAASTDYWQNWTDGGGIVNAVNGSGGNYSVNWSNTGNFVVGKGWTTGSPFRTINYNAGVWAPNGNGYLTLYGWTRSPLIEYYVVDSWGTYRPTGTYKGTVKSDGGTYDIYTTTRYNAPSIDGDRTTFTQYWSVRQSKRPTGSNATITFSNHVNAWKSHGMNLGSNWAYQVMATEGYQSSGSSNVTVW
D3GKE3,MTTKEEDVMKPRKMKWMLAMLLSFTLALPAGVANAVTITNNESGTHDGYYYELWKDSGNTSMTLNSGGTFSATWSNINNALFRKGKKFNETQTHQQIGNISVNYSANYSPNGNSYLCIYGWSVDPLVEYYIVDSWGSWRPPGASSKGTITVDGGTYDIYETTRVNQPSIKGTATFQQYWSVRTSKRTSGTISVTDHFNAWASRGMQLGEMYEVSLTVEGYQSSGSATITSNTITIGGNGGGGNTGGGNNGGGNNGGGNNGGGNTGGTTRIEAENMTKAGQYTGNIYSPFNGVALYANNDSVKFTHNFTKSTNNFSLRGASNNSQMARVDLKVGGVTKGTFYYGGSYPAVYTINNVNTGTGNQQVELILTADNGQWDAFLDYLEIN
Q9HFA4,AATCCRIBMVSFSSILLACSAAIGALATPIEPLADHPNEAFNETAFNDLVGRSTPSSTGYNNGYYYSFWTDGGGDVTYTNGNGGSYSVQWSNVGNFVGGKGWNPGSSRAITYSGSFNPSGNGYLAVYGWTTDPLIEYYIVESYGTYNPGSGGTYKGQVTSDGGTYNIYTSVRTNAPSIIGTATFTQFWSVRTSKRVGGTVTTGNHFNAWAKYGLTLGTHNYQIVATEGYQSSGSSAITVY
AFR33048.1,MVSFSSLFVAACAAVTALALPSEVEKRAITTSQQGTSNGYFYSFWTNGGGSVSYNNGAAGQYSVDWTNCGSFTSGKGWATGSARNINFSGSFNPSGNAYLAVYGWTTSPLVEYYIMESYGEYNPGSSMTFKGTVTSDGSVYDIYTHQQVDQPSISGTATFNQYWSIRRSKRSSGTVTTANHFNAWASLGMSLGSHNYQIVSTEGYESSGSSSITVS
AAL32054.1,YNGNLGDFTYDESAGTFSMYWEDGVSSGFVVGLGWTTGSSKSITYSAQYSASSSSSYLAVYGWVNSP
Q70WH8,LVLFGLLTELANTQNVITENKTGQIDGYSYELWKDYGTTSMTLLGGGKFSCSWSNIGNALFRIGKKWDCTKTWQQLGTISVAYNVDYRPNGNSYMCVYGWTRNPLIEYYIVDSWGSWRPPGSNSMGTITVDGGTYDIYVTDRINQPSIDGNPTFKQFWSVRTQKKGASGVISVSKHFEAWTSKGLKLGLMYEASLTIEGYQSSGSANVNQNDVTGG
E4N0N4,ATCCDSMJCMKCCNBRCMASPTHPHRRTDHLVNLPRSLRRVRVLPLALAAVVLLPGTADAATVTTNQTGSDGGYFYSFWTEGTGSASMSLNGGGNYGTSWTNAGNFVAGKGWSTGSRNPVTYSGTWSTNGNAYLSLYGWTTNPLVEYYVVENYGSYKPTGTYKGTVTSDGGTYDIYETTRVNAPSIEGNKTFNQYWSVRQSKRTGGTITVGNHFDAWAQHGMNLGTMNYEILATEGYQSSGSSNLTLGTTTGGGGGTGGSCTATLSAGSSWSDRYNLNVDVTGAANWKVTVKVPSPEQVSATWNVNATYPDAQTLVATPNGSGNSWGLTLMKNGSTTWPTVSCTTA
E0YTQ6,LTAALMSISLFSATASAAGTDYWQNWTDGGGTVNAVNGSGGNYSVNWSNTGNFVVGKGWTTGSPFRTINYNAGVWAPNGNGYLTLYGWTRAPLIEYYVVDSWGTYRPTGTYKGTVKSDGGTYDIYTTTRYNAPSIDGDNTTFTQYWSVRQTKRPTGSNATITFSNHVNAWKSHGMNLGSNWAYQVMATEGYQSSGSSNVTVW
C0STU7,MVLATLAGLCASACLSSSQTGNDNGYYYSFWTDGGGSISFCLESGGRYTSQWSNVGNWVGGKGWSTGSAKAVTYSGTFSPNGNGYLSLYGWTKSPLVEYYIVDSWGSYRPPGGEGNQGTTTADGGTYDIYKTQRVNQPSIEGTATFYQFWSVRQDKRVGGTITTGTHFTAWSGKGMSLGNHDYMILATEGYQSSGSSDITVG
Q56013,MQQDGKRQDQNQQNPAPFSGLSRRGFLGGAGTVALATASGLLLPSTAHAATTITTNQTGYDGMYYSFWTDGGGSVSMTLNGGGSYSTQWTNCGNFVAGKGWGNGGRRTVRYSGYFNPSGNGYGCLYGWTSNPLVEYYIVDNWGSYRPTGEYRGTVYSDGGTYDIYKTTRYNAPSVEGTRTFDQYWSVRQSKVIGSGTITTGNHFDAWARAGMNLGQFQYYMIMATEGYQSSGSSNITVSG
Q9HFH0,CMKLFLAAIVLCATAATAFPSELAQRAAGDLSKRQSITTSQTGTNNGYYYSFWTNGGGEVTYTNGDNGEYSVTWVDCGDFTSGKGWNPANAQTVTYSGEFNPSGNAYLAVYGWTTDPLVEYYILESYGTYNPSSGLTSLGQVTSDGGTYDIYSTQRVNQPSIEGTSTFNQYWSVRTEKRVGGTVTTANHFAAWKALGLEMGTYNYMIVSTEGYESSGSSTITVS
AFP81696.1,MTASLRKIAFTSKSVAAAIVGMAALYVSPADAQCLTNNQTGTHDGYYYSFWKDSGNVTFCLQSGGRYTSQWSNINNWVGGKGWNPGGRRTVTYSGTFNPNGNAYLTLYGWTTNPLVEYYIVDNWGTYRPPGGQGYMGTVNSDGGTYDIYRTQRVNAPCITGNNCTFWQYWSVRQQRRTGGTITTGNHFDAWASLGMNLGQHNYMVMATEGYQSSGSSDITVGGTSSGGSSSGGSSSSSSSSSSGGGGSKTIVVRARGSTGGEQISLRVNNQTVQNWTLGTGMQNYTATTNLSGGITVHFTNDNGARDVQVDYIQVNGQIRQSEQQSYNTGLYANGRCGGGGYSEWMHCNGAIGYGNTP
P48793,QTIGPGTGYSNGYYYSYWNDGHAGVTYTNGGGGSFTVNWSNSGNFVAGKGWQPGTKNKVINFSGSYNPNGNSYLSIYGWSRNPLIEYYIVENFGTYNPSTGATKLGEVTSDGSVYDIYRTQRVNQPSIIGTATFYQYWSVRRNHRSSGSVNTANHFNAWASHGLTLGTMDYQIVAVEGYFSSGSASITVS
P83513,MSATLLVPSMTVKAADTIYNNKTGNQDGYDYELWKDTGNTSMTLNAGGTFDCSWSNINNALFRKGKKFDSTQTYQQIGNITFDYGCDYRPNGNSYLCVYGWTVDPLVEYYIVDSWGTWRPPGGTPKGQIQVDGGTYDVYETTRYNAPSIQGDTTFKQYFSVRTSKRTSGTISVSEHFKAWERMGMRCGNFMKPALNIEGYQSSGSASVYKNNMTIGGSSSSSGNQGGNQGGNTGNENAGNNLVTVADADKIQCETMTKSGQYTGNISSPFNGVALYANNDAVKYTQYFASGTHDFTLRGCSNNNKMARVDLKIGGQNKGTFYYGDSYPAEYTIKNVSHGTGNQTIELVVTADDGQWDAYLDYFNNSVEPGCSLVPGAVVVLVALGSSSNTGNNSGTNTQNQKLIALTFDDGPSSTTSQVLDMLEKYNVKATFFLIGQNVNSNTASIVQRQVKMGCELACHSYTHEDMTKMNASQIRNQIDWTASAIKNTAGVDVKFFRPPYISVNNTMYQNIDLPFIQGSMHNDWESSTSASQRVNSVLSSAKDGDIILLHDFQGNSQTVSALPQIIEGLKNQGYTFVTVSELFEMKGVNPNVEYKIWSNVK
