ACN89785.1,https://www.ncbi.nlm.nih.gov/pubmed/29253895,Xyl10E was most active at 93 to 95°C and pH 4.0, retained more than 75% or 48% of the initial activity when heated at 80°C or 90°C for 30 min, respectively, and hardly lost activity at pH 1.0 to 7.0, but was completely inhibited by SDS
ACN89785.1,https://www.ncbi.nlm.nih.gov/pubmed/27723474,Purified recombinant TlXyn10A was acidic and hyperthermophilic, and retained stable over the pH range of 2.0-6.0 and at 90°C
ACN89785.1,https://www.ncbi.nlm.nih.gov/pubmed/27723474,TlXyn10A_P with mutations at subsites +2 to +4 exhibited improved specific activity (by 0.44-fold) and pH stability (2.0-10.0)
ACN89785.1,https://www.ncbi.nlm.nih.gov/pubmed/25415468,Purified recombinant GLA15 was thermophilic and showed the maximum activity at 70°C
ACN89785.1,https://www.ncbi.nlm.nih.gov/pubmed/25415468,The enzyme was stable over a broad pH range (2.2-11.0) and at high temperature up to 70°C
ACN89785.1,https://www.ncbi.nlm.nih.gov/pubmed/25415468,CONCLUSION/SIGNIFICANCE: GLA15 has a broad pH stability range, high-temperature thermostability, high starch hydrolysis capacity and high expression yield
ACN89785.1,https://www.ncbi.nlm.nih.gov/pubmed/24391711,The β-glucanase derived from the transgenic maize seeds had an optimal pH of 4.0 and was stable at pH 1.0-8.0, which is in agreement with the normal environment of digestive tract
ACN89785.1,https://www.ncbi.nlm.nih.gov/pubmed/20591661,The purified recombinant alpha-galactosidase (r-AgalB) exhibited optimal activity at pH 3.5 and 55 degrees C, was stable at pH 2.2-8.0, and showed higher hydrolytic activity towards galactomannan polysaccharides (guar gum and locust bean gum) than toward small galacto-oligosaccharides (melibiose, raffinose and stachyose)
ACN89785.1,https://www.ncbi.nlm.nih.gov/pubmed/20143777,The purified recombinant beta-mannanase was acidophilic and acid stable, exhibiting maximal activity at pH 1.5 and retaining >60% of the initial activity over the pH range 1.5-7.0
ACN89785.1,https://www.ncbi.nlm.nih.gov/pubmed/20077114,Purified recombinant XYLD showed maximal activity at pH 3.0 and 60 degrees C, maintained more than 60% of maximal activity when assayed at pH 1.5-4.0, and had good thermal stability at 60 degrees C and remained stable at pH 1.0-6.0
ACN89785.1,https://www.ncbi.nlm.nih.gov/pubmed/19655217,It had two activity peaks at pH 3.0 and 4.5-5.0 (maximum), respectively, and was very acid stable, retaining more than 80% activity after incubation at pH 1.5-6.0 for 1 h
ACN89785.1,https://www.ncbi.nlm.nih.gov/pubmed/19590866,The purified recombinant Bgl7A had three activity peaks at pH 1.5, 3.5, and 5.0 (maximum), respectively, and a temperature optimum at 60 degrees C
ACN89785.1,https://www.ncbi.nlm.nih.gov/pubmed/19590866,The enzyme was stable at pH 1.0-8.0 and highly resistant to both pepsin and trypsin
ACN89785.1,https://www.ncbi.nlm.nih.gov/pubmed/19453169,Purified recombinant BgalA is acidophilic, exhibiting maximum activity at pH 1.5, which is lower than that reported for other beta-galactosidases
ACN89785.1,https://www.ncbi.nlm.nih.gov/pubmed/19453169,The enzyme has high pH and thermal stability and is resistant to proteases and cations found in milk
ACN89785.1,https://www.ncbi.nlm.nih.gov/pubmed/18998121,The enzyme was acidophilic, with highest activity at pH 1.0-1.5, lower than any known mannanases, and optimal temperature for activity was 65 degrees C
ACN89785.1,https://www.ncbi.nlm.nih.gov/pubmed/18998121,MAN5A had good pH adaptability, excellent thermal and pH stability, and high resistance to both pepsin and trypsin
AAA21848.1 AAS31753.1 ACX73974.1 ADL26842.1,https://www.ncbi.nlm.nih.gov/pubmed/7979872,In potassium phosphate buffer, glucokinase showed maximum activity at pH 7.5 with glucose-6-phosphate dehydrogenase as the coupling enzyme
AAF14365.1 AAE61565.1,https://www.ncbi.nlm.nih.gov/pubmed/28546828,Xyn-MUT exhibited higher thermostability than XynCDBFV at ≥70 °C
AAF14365.1 AAE61565.1,https://www.ncbi.nlm.nih.gov/pubmed/28546828,Xyn-MUT showed promising improvement in residual activity with a thermal retention of 14% compared to that of XynCDBFV after 1 h incubation at 80 °C; Xyn-MUT maintained around 50% of the maximal activity after incubation at 95 °C for 1 h
AAF14365.1 AAE61565.1,https://www.ncbi.nlm.nih.gov/pubmed/26088174,Although W125F/F163W showed 5 °C reduction in the optimal temperature, it still preserves similar thermostability and is more active than the wild-type enzyme at temperatures lower than 60 °C
AAF14365.1 AAE61565.1,https://www.ncbi.nlm.nih.gov/pubmed/24619408,Abstract The catalytic domain of XynCDBFV, a glycoside hydrolase family 11 (GH11) xylanase from ruminal fungus Neocallimastix patriciarum previously engineered to exhibit higher specific activity and broader pH adaptability, holds great potential in commercial applications
AAF14365.1 AAE61565.1,https://www.ncbi.nlm.nih.gov/pubmed/24619408,Interestingly, the NTR deletion mutant retained 61.5% and 19.5% enzymatic activity at 55 °C and 75 °C, respectively, compared with the wild-type enzyme, whereas the C4A/C172A mutant showed 86.8% and 23.3% activity
AAF14365.1 AAE61565.1,https://www.ncbi.nlm.nih.gov/pubmed/18495476,The central composite design (CCD) and regression analysis methods were effective for determination of optimized temperature and pH conditions for the AOB-immobilized XynCDBFV
AAF14365.1 AAE61565.1,https://www.ncbi.nlm.nih.gov/pubmed/18495476,The optimal condition for the highest immobilized xylanase activity (3.93IU/mg of total protein) was observed at 59 degrees C and pH 6.0
ACF57947.1,https://www.ncbi.nlm.nih.gov/pubmed/24463976,The mutants with combined substitutions (V81P/G82E and V81P/G82E/D185P/S186E) showed the most pronounced shifts in temperature optima, about 17°C upward, and their half-lives for thermal inactivation at 70°C and melting temperatures were increased by >9 times and approximately 7.0°C, respectively
ACF57947.1,https://www.ncbi.nlm.nih.gov/pubmed/24419629,S9 (XynAS9) possesses broad adaptability to temperature and pH and thus is an attractive candidate in industrial applications
ACF57947.1,https://www.ncbi.nlm.nih.gov/pubmed/19847382,The optimal pH and temperature for the recombinant enzyme were 6.0 and 60 approximately 65 degrees C, respectively
ACF57947.1,https://www.ncbi.nlm.nih.gov/pubmed/19847382,The enzyme showed a broad pH range of stability, retaining over 75% of the maximum activity at pH 5.0 to 11.0
AAM95167.1 AAG01166.1 AAM08362.1 ABA00146.1 AEC13626.1,https://www.ncbi.nlm.nih.gov/pubmed/25152057,Abstract In an attempt to shift the optimal pH of the xylanase B (XynB) from Aspergillus niger towards alkalinity, target mutation sites were selected by alignment between Aspergillus niger xylanase B and other xylanases that have alkalophilic pH optima that highlight charged residues in the eight-residues-longer loop in the alkalophilic xylanase
AAM95167.1 AAG01166.1 AAM08362.1 ABA00146.1 AEC13626.1,https://www.ncbi.nlm.nih.gov/pubmed/25152057,The variant XynB-117 had the highest optimum pH (at 5.5), which corresponded to a basic 0.5 pH unit shift when compared with the wild-type enzyme
AAM95167.1 AAG01166.1 AAM08362.1 ABA00146.1 AEC13626.1,https://www.ncbi.nlm.nih.gov/pubmed/25152057,However, the optimal pH of the XynB- 164 mutation was not changed, similar to the wild type
AAM95167.1 AAG01166.1 AAM08362.1 ABA00146.1 AEC13626.1,https://www.ncbi.nlm.nih.gov/pubmed/25152057,These results suggest that the residues at positions 164 and 117 in the eight-residues-longer loop and the cleft's edge are important in determining the pH optima of XynB from Aspergillus niger.
AAM95167.1 AAG01166.1 AAM08362.1 ABA00146.1 AEC13626.1,https://www.ncbi.nlm.nih.gov/pubmed/24888408,The optimal temperature and pH of (XynB-opt)2 were 50 °C and 5.0, respectively
AAM95167.1 AAG01166.1 AAM08362.1 ABA00146.1 AEC13626.1,https://www.ncbi.nlm.nih.gov/pubmed/24888408,In addition, the enzyme exhibited resistance to many metal ions and low pH values
AAM95167.1 AAG01166.1 AAM08362.1 ABA00146.1 AEC13626.1,https://www.ncbi.nlm.nih.gov/pubmed/24444997,And the XynB still had 74% residual enzyme activity after 30 min-heat treatment at 80°C
AAM95167.1 AAG01166.1 AAM08362.1 ABA00146.1 AEC13626.1,https://www.ncbi.nlm.nih.gov/pubmed/23788000,The xylanase activity was optimal at pH 5.0 and at 50 °C
AAM95167.1 AAG01166.1 AAM08362.1 ABA00146.1 AEC13626.1,https://www.ncbi.nlm.nih.gov/pubmed/23788000,In addition, the xynB was active over a pH range of 2.2 to 10.0
AAM95167.1 AAG01166.1 AAM08362.1 ABA00146.1 AEC13626.1,https://www.ncbi.nlm.nih.gov/pubmed/23290994,Abstract Based on the strategy of changing pH-stability profiles by altering pKa values of catalytic residues, rational protein engineering was applied to improve alkalophilic adaptation of Aspergillus niger endoxylanase XynB
AAM95167.1 AAG01166.1 AAM08362.1 ABA00146.1 AEC13626.1,https://www.ncbi.nlm.nih.gov/pubmed/23290994,The mutant Q178R raised the optimum pH of XynB from 5.5 to 6.0 and retained 37% of the maximum activity at pH 8.0
AAM95167.1 AAG01166.1 AAM08362.1 ABA00146.1 AEC13626.1,https://www.ncbi.nlm.nih.gov/pubmed/20593181,In this study, one thermostable xylanase-producing strain 400264 was obtained from screening 11 Aspergillus niger strains (producing thermotolerant xylanase), and the optimum temperature of crude xylanase extracted from it was 55°C
AAM95167.1 AAG01166.1 AAM08362.1 ABA00146.1 AEC13626.1,https://www.ncbi.nlm.nih.gov/pubmed/20593181,Original activity of the crude xylanase is 64% at 60°C and 55% at 85°C with an incubation time of 30 min, respectively
AAM95167.1 AAG01166.1 AAM08362.1 ABA00146.1 AEC13626.1,https://www.ncbi.nlm.nih.gov/pubmed/20593181,Recombinant enzyme XYNB retained 94% of its activity for 10 min at 85°C, while XYNA with no activity left
AAM95167.1 AAG01166.1 AAM08362.1 ABA00146.1 AEC13626.1,https://www.ncbi.nlm.nih.gov/pubmed/20593181,Site-directed mutagenesis was performed to replace Ala33 of XYNB by Ser33 resulting 19% decrease in enzyme activity after incubating at 85°C for 30 min
AAM95167.1 AAG01166.1 AAM08362.1 ABA00146.1 AEC13626.1,https://www.ncbi.nlm.nih.gov/pubmed/24031555,Characterization of the recombinant enzymes revealed the different properties: the specific activity of recombinant XYNA1 was 16.58 U/mg compared to 1201.7 U/mg for recombinant XYNB; The optimum temperature and pH of the recombinant XYNA1 were 35 °C and 3.0, respectively, whereas the corresponding values for the recombinant XYNB were 55 °C and 5.0, respectively; The recombinant XYNB showed much more thermostability than recombinant XYNA1; The recombinant XYNB showed 94% of maximal activity after incubating in water for 60 min at 60 °C compared to no activity for recombinant XYNA1
AAM95167.1 AAG01166.1 AAM08362.1 ABA00146.1 AEC13626.1,https://www.ncbi.nlm.nih.gov/pubmed/16091777,The purified recombinant enzyme was fully characterized and has a molecular mass of 23 kDa and an optimal activity at pH 5.5 and 50 degrees C with stability in the pH range 4.0-7.0 and temperature up to 50 degrees C
AAM95167.1 AAG01166.1 AAM08362.1 ABA00146.1 AEC13626.1,https://www.ncbi.nlm.nih.gov/pubmed/15278289,Optimal activity was obtained at pH 4.5 and 70 degrees C with the family 10 xylanases and pH 4.5 and 60 degrees C with the family 11 xylanase
AHF72524.1,https://www.ncbi.nlm.nih.gov/pubmed/24760228,The melting temperature (T m) of the two proteins, estimated to be in the range of 49.5-53.7 °C indicated that they are rather thermostable proteins
BAB69655.1,https://www.ncbi.nlm.nih.gov/pubmed/16233716,melanigenum strain ATCC 20524 produces an extracellular acidophilic endo-1,4-beta-xylanase with an optimum pH of 2.0 [Ohta et al
BAB69655.1,https://www.ncbi.nlm.nih.gov/pubmed/16233716,The three-dimensional model and mutational analysis of the xynI gene product showed that Asp-73 and Glu-157 residues located at the upper and lower edges of the active site cleft, respectively, play a significant role in its low pH optimum.
BAB69655.1,https://www.ncbi.nlm.nih.gov/pubmed/16233094,Xylanase activity was optimal at pH 2.0 and 50 degrees C
BAB69655.1,https://www.ncbi.nlm.nih.gov/pubmed/16233094,The deduced amino acid sequence showed 94% identity with that of a previously reported equivalent gene (xynA) encoding a xylanase with an optimal pH of 4.8 from a color variant strain, NRRL Y-2311-1, of A
CAA53632.1,https://www.ncbi.nlm.nih.gov/pubmed/28574165,The chemical treatment, performed under neutral conditions (T = 250 °C, P = 40 bar), led to conversion of PET into 85% TA and small oligomers
CAA53632.1,https://www.ncbi.nlm.nih.gov/pubmed/28503798,Most fungal cellulases have acidic pH optima, except some fungi like Humicola insolens species
CAA53632.1,https://www.ncbi.nlm.nih.gov/pubmed/28450245,The Ni-NTA affinity purified Mbgl displayed an optimum temperature of 70°C and optimum pH was 6.0
CAA53632.1,https://www.ncbi.nlm.nih.gov/pubmed/27506519,Abstract Humicola insolens is an excellent producer of pH-neutral active, thermostable cellulases that find many industrial applications
CAA53632.1,https://www.ncbi.nlm.nih.gov/pubmed/27271847,The recombinant enzymes shared similar enzymatic properties including thermophilic and neutral optima (50-60 °C and pH 5.5-6.0) and high glucose tolerance, but differed in substrate specificities and kinetics
CAA53632.1,https://www.ncbi.nlm.nih.gov/pubmed/26611612,Recombinant Cel16A had a pH optimum at 5.5 and a temperature optimum at 55 °C with a specific activity of 693 U/mg toward barley β-glucan
CAA53632.1,https://www.ncbi.nlm.nih.gov/pubmed/26611612,It exhibited good stability over pH 5.0-9.0 and at temperatures up to 50 °C, retaining over 80% maximum activity
CAA53632.1,https://www.ncbi.nlm.nih.gov/pubmed/25909505,Using barley β-glucan as a substrate, recombinant HiCel6C protein exhibited neutral pH (6.5) and high temperature (70°C) optima
CAA53632.1,https://www.ncbi.nlm.nih.gov/pubmed/25909505,Distinct from most reported acidic fungal endo-β-1,4-glucanases, HiCel6C was alkali-tolerant, retaining greater than 98.0, 61.2, and 27.6% of peak activity at pH 8.0, 9.0, and 10.0, respectively, and exhibited good stability over a wide pH range (pH 5.0-11.0) and at temperatures up to 60°C
CAA53632.1,https://www.ncbi.nlm.nih.gov/pubmed/25658646,It was optimally active at pH 6.0 and 60°C with a specific activity of 11.6 U/mg
CAA53632.1,https://www.ncbi.nlm.nih.gov/pubmed/25658646,It exhibited good stability over pH 4.0-9.0 (incubated at 37°C for 1 h) and at temperatures of 60°C and below, retaining over 80% maximum activity
AAE16058.1 AAS31742.1 ABH92530.1 ACK26677.1 ACQ19020.1 ACR92612.1 CAA49294.1,https://www.ncbi.nlm.nih.gov/pubmed/29415412,Maximum production of the enzyme (820 ± 30 U/g substrate) was obtained after 8 days of culture at 28 °C and initial moisture of 80%
AAE16058.1 AAS31742.1 ABH92530.1 ACK26677.1 ACQ19020.1 ACR92612.1 CAA49294.1,https://www.ncbi.nlm.nih.gov/pubmed/29349547,The optimum temperatures and pH values were 50 °C and 5.0 for AnFAEA, and 35 °C and 6.0 for AnFAEB
AAE16058.1 AAS31742.1 ABH92530.1 ACK26677.1 ACQ19020.1 ACR92612.1 CAA49294.1,https://www.ncbi.nlm.nih.gov/pubmed/29331528,reesei showed good thermal stability, and could degrade the toxic phenolic material bisphenol A efficiently, after 1-h reaction with 0.06 IU/mL laccase and 0.5 mmol/L ABTS as the mediator at 60 °C and pH 4.5, the degradation rate reached 95%, which demonstrated that it had great potential value in treating the household garbage and wastewater containing the bisphenol A.
AAD10834.1,https://www.ncbi.nlm.nih.gov/pubmed/9156349,Optimum conditions for the cytotoxicity assay were similar for MEC and cell lines of both species, and were met in an assay in which 0.1-ml cell concentrations (8.5 +/- 0.5 x 10(4) cells) were incubated with toxin dilutions (0.01-20 micrograms) for 1 h at 24 degrees C at a final pH of 7.8
ABA08462.1,https://www.ncbi.nlm.nih.gov/pubmed/17115208,The 684 bp cDNA was cloned into vector pHBM905B and transformed into Pichia pastoris GS115 to select xylanase-secreting transformants on RBB-xylan containing plate
ABA08462.1,https://www.ncbi.nlm.nih.gov/pubmed/17115208,The optimal pH and temperature of the purified enzyme is 6 and 40 degrees C, respectively
BAA07265.1 AAK16546.1,https://www.ncbi.nlm.nih.gov/pubmed/29555512,Free and immobilised tannase exhibited the same optimal temperature of 30 °C, whereas the optimal pH value of immobilised tannase (pH 4.5) was lower than that of the free tannase (pH 5.5)
BAA07265.1 AAK16546.1,https://www.ncbi.nlm.nih.gov/pubmed/29555512,The pH and thermal stabilities of immobilised tannase were significantly superior to those of the free tannase
BAA07265.1 AAK16546.1,https://www.ncbi.nlm.nih.gov/pubmed/29541602,Optimum temperature of immobilized inulinase was increased, while, pH and Km values were decreased compared to free enzyme
BAA07265.1 AAK16546.1,https://www.ncbi.nlm.nih.gov/pubmed/29541602,Overall, a 12.3 folds rise was detected in enzyme half-life value after Immobilization at 75 °C and enzyme preserved 70% of its initial activity after 12 cycles of hydrolysis with 75% of enzyme loading.
BAA07265.1 AAK16546.1,https://www.ncbi.nlm.nih.gov/pubmed/29534665,niger N402 showed that the most intense accumulation of 21-hydroxyprogesterone occurred in minimal synthetic medium at 28°C
BAA07265.1 AAK16546.1,https://www.ncbi.nlm.nih.gov/pubmed/29534665,Increasing the cultivation temperature to 37°C resulted in almost complete inhibition of the hydroxylase activity in the minimal medium
BAA07265.1 AAK16546.1,https://www.ncbi.nlm.nih.gov/pubmed/29526196,Like native plant defensins, KT43C showed thermostability up to 100 °C and cation sensitivity
BAA07265.1 AAK16546.1,https://www.ncbi.nlm.nih.gov/pubmed/29524547,Its produced antimicrobial substance was determined as a bacteriocin that was stable over a wide range of pH (2-10) and after heating at 100 °C for 15 min
BAA07265.1 AAK16546.1,https://www.ncbi.nlm.nih.gov/pubmed/29524547,The maximum bacteriocin production was 1400 AU/ml recorded after 12 h of incubation in de Man, Rogosa and Sharpe (MRS) broth medium at 30 °C
AAB05996.1 AAS31746.1 AAS31754.1 ACK26679.1,https://www.ncbi.nlm.nih.gov/pubmed/29533461,uvarum Y3 pre-treated with 2.0% w/v trehalose in Nutrient Yeast Dextrose Broth (NYDB) before used significantly inhibited the decay incidence and lesion diameter without affecting the sensory qualities of the grapes stored at either 4°C or 20°C
AAB05996.1 AAS31746.1 AAS31754.1 ACK26679.1,https://www.ncbi.nlm.nih.gov/pubmed/29421354,The study was carried out under different water activity (0.96 and 0.99 aw), and temperature (24 and 32 °C) conditions
AAB05996.1 AAS31746.1 AAS31754.1 ACK26679.1,https://www.ncbi.nlm.nih.gov/pubmed/29421354,steynii cultures, optimal growth occurred at 0.96 aw and 32 °C while optimal OTA production happened at 0.99 aw and 32 °C
AAB05996.1 AAS31746.1 AAS31754.1 ACK26679.1,https://www.ncbi.nlm.nih.gov/pubmed/29421354,tubingensis cultures optimal growth happened at 0.99 aw and 32 °C, although the best conditions for OTA production were 0.99 aw and 24 °C
AAB05996.1 AAS31746.1 AAS31754.1 ACK26679.1,https://www.ncbi.nlm.nih.gov/pubmed/29223094,It retained more than 50% activity at 70 °C after 150 mins and its activity was enhanced in the presence of Mn2+ ions (130%) and β-mercaptoethanol (140%)
AAB05996.1 AAS31746.1 AAS31754.1 ACK26679.1,https://www.ncbi.nlm.nih.gov/pubmed/29216817,AtSOX had a pH optimum of 6.5, and showed a good pH stability retaining more than 80% of the initial activity in a pH range 4-8.5 within 20 h
AAB05996.1 AAS31746.1 AAS31754.1 ACK26679.1,https://www.ncbi.nlm.nih.gov/pubmed/29216817,More than 70% of the initial activity was retained after incubation at 50 °C for 20 h
AAB05996.1 AAS31746.1 AAS31754.1 ACK26679.1,https://www.ncbi.nlm.nih.gov/pubmed/29216817,Oxidoreductases involved in the maturation of nonribosomal peptides of fungal and bacterial origin, namely GliT, HlmI and DepH, were also evolutionary closely related to AtSOX whereas fungal thioreductases were more distant
AAB05996.1 AAS31746.1 AAS31754.1 ACK26679.1,https://www.ncbi.nlm.nih.gov/pubmed/29216817,CONCLUSIONS: AtSOX (55 kDa) is a fungal secreted flavin-dependent enzyme with good stability to both pH and temperature
AAB05996.1 AAS31746.1 AAS31754.1 ACK26679.1,https://www.ncbi.nlm.nih.gov/pubmed/28637248,Despite the identical amino acid sequence of GlaA, GlaA_Opt and GlaA_CBI, differential scanning fluorimetry revealed changes in the glucoamylase proteins' melting temperatures (>3°C)
BAA82316.1 AAS31755.1,https://www.ncbi.nlm.nih.gov/pubmed/19352020,Reinforcing the characteristic salt bridge in the catalytic cleft and introducing excess Arg residues on the protein surface shifted the optimum pH of the wild-type enzyme from 8.5 to 9.5.
ACF57948.1,https://www.ncbi.nlm.nih.gov/pubmed/29481569,The optimum pH and temperature values for the enzyme were 6.0 and 75 °C, respectively
ACF57948.1,https://www.ncbi.nlm.nih.gov/pubmed/19002659,The optimum temperature and pH for XynBS27 activity was 65 degrees C and pH 6.5, respectively
ACF57948.1,https://www.ncbi.nlm.nih.gov/pubmed/19002659,XynBS27 showed good pH stability and retained more than 80% of the maximum activity after incubation in buffers with pH ranging between 4.0 and 12.0 at 37 degrees C for 1 h
AAR67679.1 AAE69548.1 AAQ73530.1 CAD48749.1,https://www.ncbi.nlm.nih.gov/pubmed/19356131,Temperature stability, pH stability, and other kinetic parameters confirmed that the gene product was thermo-stable in alkaline buffer favoring its suitability to bio-bleaching of kraft pulp.
AAR67679.1 AAE69548.1 AAQ73530.1 CAD48749.1,https://www.ncbi.nlm.nih.gov/pubmed/17549471,Ct Xyn11A had the highest temperature optimum and stability of the recombinant xylanases and the highest activity at acid-neutral pH (pH 5-7)
AAC46361.1,https://www.ncbi.nlm.nih.gov/pubmed/19430737,The optimal pH level and temperature of the purified enzyme were 6.5 and 85 degrees Celsius, respectively
AAC46361.1,https://www.ncbi.nlm.nih.gov/pubmed/11053833,The protein crystallized from 1.6 M ammonium sulfate, 0.2 M HEPES pH 7.2 and 10% glycerol, with unit-cell parameters a = b = 91.3, c = 44.9 A and space group P4(3)
AAC46361.1,https://www.ncbi.nlm.nih.gov/pubmed/10525841,The recombinant ManA is a monomeric enzyme with a molecular mass of 40 kDa and an optimal temperature and pH for activity of 80 degrees C and 5.0
AAC46361.1,https://www.ncbi.nlm.nih.gov/pubmed/9572948,All seven xylanases exhibited optimum activity at pH 6.5
AAC46361.1,https://www.ncbi.nlm.nih.gov/pubmed/8534104,The temperature and pH optima of the recombinant enzyme were determined to be 85 degrees C and pH 6.5, respectively
AAC46361.1,https://www.ncbi.nlm.nih.gov/pubmed/8534104,However, the enzyme was active across a broad pH range, with over 50% activity between pH 5.5 and 9.5
CAC19491.1,https://www.ncbi.nlm.nih.gov/pubmed/15104143,The xylanosome was produced when the organism was grown for 5 d between pH 4.5-6 and at 27.5 to 35 degrees C.
CAC19491.1,https://www.ncbi.nlm.nih.gov/pubmed/11440117,molecular weight, immunological properties, N-terminal amino acid sequences, subunit structures, and temperature and pH profiles
CAC19491.1,https://www.ncbi.nlm.nih.gov/pubmed/11118593,The homogeneously pure chimeric proteins, FXYN-M3/4-XylA and FXYN-M14/15-XylA showed improved thermal and pH profiles compared to those of one of the parents, FXYN
CAC19491.1,https://www.ncbi.nlm.nih.gov/pubmed/10879462,The enzyme had high acid stability, and there was no loss in enzyme activity at pH 5.0 after incubation at 60 degrees C for 30 hr
CAC19491.1,https://www.ncbi.nlm.nih.gov/pubmed/10879462,The enzyme had sufficients activity at 60 degrees C, pH 5.5, (which is the reaction condition for a single-step process with a glucoamylase from A
CAC19491.1,https://www.ncbi.nlm.nih.gov/pubmed/10879462,niger), and at 58 degrees C, pH 6.0, (condition with a glucoamylase from R
CAC19491.1,https://www.ncbi.nlm.nih.gov/pubmed/10737210,The enzyme displayed an optimum pH of 6, a temperature optimum of 60 degrees C, a pH stability range from 2 to 11 and thermal stability up to 40 degrees C
AAS18312.1 AAM08361.1 AAS31735.1 AAW78222.1 ABH92519.1 ACQ19009.1 ACR92614.1 CAA25278.1,https://www.ncbi.nlm.nih.gov/pubmed/21369910,The enzyme exhibited highest activity at pH 6.6 and 50°C
AAS18312.1 AAM08361.1 AAS31735.1 AAW78222.1 ABH92519.1 ACQ19009.1 ACR92614.1 CAA25278.1,https://www.ncbi.nlm.nih.gov/pubmed/21369910,The purified Bpu XynA was stable for at least 2 h at 45°C, and retained over 50% residual activity after being incubated at 60°C for 1 h
AAS18312.1 AAM08361.1 AAS31735.1 AAW78222.1 ABH92519.1 ACQ19009.1 ACR92614.1 CAA25278.1,https://www.ncbi.nlm.nih.gov/pubmed/21369910,The K ( m ) and K ( cat ) /K ( m ) of Bpu XynA for oat-spelt xylan were 5.53 mg/ml and 10.14 ml/mg s at 50°C and pH 6.6
AAS18312.1 AAM08361.1 AAS31735.1 AAW78222.1 ABH92519.1 ACQ19009.1 ACR92614.1 CAA25278.1,https://www.ncbi.nlm.nih.gov/pubmed/11549015,The temperature and pH optimum for both the bacterial and the recombinant xylanase were 58 degrees C and pH 6.2.
AAQ46967.1 ACJ23251.1 CAA55005.1,https://www.ncbi.nlm.nih.gov/pubmed/29519654,luchuensis, designated as AlPAD, expressed as a homodimer, catalyzed the conversion of FA to 4-VG, displayed optimal catalytic activity at pH 5.7 and 40°C, and was stable up to 50°C
AAQ46967.1 ACJ23251.1 CAA55005.1,https://www.ncbi.nlm.nih.gov/pubmed/29458101,The immobilization process increased the optimal working pH for the free pectinase from 5 to a broader range of pH4.5-5.5 and the optimum operational temperature from 55°C to a higher temperature, of 60°C, which is favored to reduce the enzyme's microbial contamination
AAQ46967.1 ACJ23251.1 CAA55005.1,https://www.ncbi.nlm.nih.gov/pubmed/29415412,Maximum production of the enzyme (820 ± 30 U/g substrate) was obtained after 8 days of culture at 28 °C and initial moisture of 80%
AAQ46967.1 ACJ23251.1 CAA55005.1,https://www.ncbi.nlm.nih.gov/pubmed/28660460,Water (Aq), aqueous ethanol 50% (AqE), and methanol were used as extraction phase at 44.5 °C for 23.8 min
AAQ46967.1 ACJ23251.1 CAA55005.1,https://www.ncbi.nlm.nih.gov/pubmed/28521816,Several Geobacillus endo-xylanases have been characterized for their optimum temperature, optimum pH and generation of degradation products
AAQ46967.1 ACJ23251.1 CAA55005.1,https://www.ncbi.nlm.nih.gov/pubmed/28521816,The resulting endo-xylanase (termed GtXynA1) was purified to homogeneity and showed activity between 40 °C and 80 °C, with an optimum activity at 60 °C, while being active between pH 3.0 to 9.0 with an optimum at pH 6.0
AAQ46967.1 ACJ23251.1 CAA55005.1,https://www.ncbi.nlm.nih.gov/pubmed/28521816,Its thermal stability was high and GtXynA1 showed 85% residual activity after 1 h of incubation at 60 °C
AAQ46967.1 ACJ23251.1 CAA55005.1,https://www.ncbi.nlm.nih.gov/pubmed/28521816,thermodenitrificans T12 endo-xylanase, GtXynA1, shows temperature tolerance up to 80 °C and high activity to a variety of xylans
AAQ46967.1 ACJ23251.1 CAA55005.1,https://www.ncbi.nlm.nih.gov/pubmed/28438682,The optimum temperature for the free and immobilized form was 50°C and 55-60°C, respectively
AAQ46967.1 ACJ23251.1 CAA55005.1,https://www.ncbi.nlm.nih.gov/pubmed/28438682,Also, t1/2, D-values (decimal reduction time), change in enthalpy (ΔH° kJmol-1), and Gibbs free energy (ΔG°) increased and was higher than the native enzyme within 50-80°C
AAQ46967.1 ACJ23251.1 CAA55005.1,https://www.ncbi.nlm.nih.gov/pubmed/28438682,Km and Vmax values were slightly affected by the temperature variations 40-70°C.
AAQ46967.1 ACJ23251.1 CAA55005.1,https://www.ncbi.nlm.nih.gov/pubmed/27651094,Most of the housekeeping genes, such as transcription factors and N-and O-glycosylation system, were conserved with respect to Aspergillus niger and Aspergillus oryzae An alternative oxidase and acid-stable α-amylase regarding citric acid production and fermentation at a low pH as well as a unique glutamic peptidase were also found in the genome
 ,https://www.ncbi.nlm.nih.gov/pubmed/28853774,Abstract Drainage waters at the metal mining areas often have low pH and high content of dissolved metals due to oxidation of sulfide minerals
 ,https://www.ncbi.nlm.nih.gov/pubmed/28853774,A drainage water microbial community (6.5'C, pH 2.65) in an open pit at the Sherlovaya Gora polymetallic open-cast mine (Transbaikal region, Eastern Siberia, Russia) was studied using metagenomic techniques
 ,https://www.ncbi.nlm.nih.gov/pubmed/25994580,The purified recombinant Xyn10CD18 was optimally active at pH 7 and 75 °C as measured over 10 min
 ,https://www.ncbi.nlm.nih.gov/pubmed/25994580,It retained over 55% of its initial activity at 70 °C and pH 7 after 24 h
 ,https://www.ncbi.nlm.nih.gov/pubmed/24612325,The N2 fixation activity coincided with the detection of UCYN-A cells and was only observed in oligotrophic (< 0.067 NO3(-)  μM and < 0.04 PO4(3-)  μM) and warm (> 18°C) surface waters
 ,https://www.ncbi.nlm.nih.gov/pubmed/23832814,Abstract Column bioleaching of chalcopyrite was conducted at 33, 45, and 65 °C, and the copper leaching rates after 220 days were 38.50, 51.35, and 56.75%, respectively
 ,https://www.ncbi.nlm.nih.gov/pubmed/23832814,Clone library results indicated that although both iron oxidizers and sulfur oxidizers occurred at all temperatures, iron oxidizers were dominant at 33 and 45 °C and sulfur oxidizers were predominant at 65 °C
 ,https://www.ncbi.nlm.nih.gov/pubmed/23832814,With regard to bacterial community structure, Leptospirillum ferriphilum was the principal bacterium at 33 and 45 °C, and uncultured sulfur-oxidizing symbiont bacteria were dominant at 65 °C
 ,https://www.ncbi.nlm.nih.gov/pubmed/23832814,was detected at 33 °C, cultures similar to uncultured archaeon clone were dominant at 45 °C, and Metallosphaera sedula was predominant at 65 °C
 ,https://www.ncbi.nlm.nih.gov/pubmed/23479063,The maximum activity of the PdhE-1 protein occurred at pH 8.0 and 45 °C using prephenic acid as the substrate
ACS26244.1,https://www.ncbi.nlm.nih.gov/pubmed/22506421,One mutant (PtLic16AM1) exhibited an optimal activity at pH 5.5, while the optimal pH of the wild-type enzyme was 7.0
ACS26244.1,https://www.ncbi.nlm.nih.gov/pubmed/22506421,T58S and G195E may play key roles in the change of optimal pH
ACS26244.1,https://www.ncbi.nlm.nih.gov/pubmed/18543932,The purified enzyme was optimally active at pH 7.0 and 70 degrees C
ACS26244.1,https://www.ncbi.nlm.nih.gov/pubmed/18543932,It was stable within pH range 4.0-10.0 and up to 65 degrees C, respectively
ACS26244.1,https://www.ncbi.nlm.nih.gov/pubmed/18180153,It exhibited an optimal activity at 55 degrees C and pH 6.5, respectively
ACS26244.1,https://www.ncbi.nlm.nih.gov/pubmed/18180153,The enzyme was stable in the range of pH 6.0-9.0 and at 55 degrees C
ACS26244.1,https://www.ncbi.nlm.nih.gov/pubmed/18092750,The purified enzyme exhibited an optimal activity at 75 degrees C and pH 6.2
ACS26244.1,https://www.ncbi.nlm.nih.gov/pubmed/18092750,It was stable up to 65 degrees C and in the pH range of 5.0-8.5
ADN44273.1,https://www.ncbi.nlm.nih.gov/pubmed/25475287,The pH values decreased from 5.2 (time 0) to 3.9 at 36 h of fermentation
AAN32825.1 ADL52022.1,https://www.ncbi.nlm.nih.gov/pubmed/29400321,XynB was crystallized using the hanging-drop vapour-diffusion method in the presence of 0.2 M sodium acetate trihydrate, 0.1 M Tris-HCl pH 8.5, 32%(w/v) PEG 4000 at 293 K
AAN32825.1 ADL52022.1,https://www.ncbi.nlm.nih.gov/pubmed/28191038,mazei not only enabled direct conversion of cellulose to CH4, but also stabilized pH for C
AAN32825.1 ADL52022.1,https://www.ncbi.nlm.nih.gov/pubmed/27208134,cellulovorans were downregulated in cocultures, and this could be due to a response to pH changes
AAN32825.1 ADL52022.1,https://www.ncbi.nlm.nih.gov/pubmed/21305281,Using the torA signal sequence, endoglucanase from Clostridium cellulovorans 743B was successfully expressed, and the secreted EG produced 123 mg of reducing sugar from 5 g of β-glucan at 30 °C for 72 h, which is the optimal condition for C
AAN32825.1 ADL52022.1,https://www.ncbi.nlm.nih.gov/pubmed/16346602,The temperature and pH for optimum growth are 37 degrees C and 7.0, respectively
AAZ22340.1 ABA39289.1 ABA39289.2 ABR14628.1,https://www.ncbi.nlm.nih.gov/pubmed/25969986,The temperature optimum of the recombinant (re-) AuFaeAA126C-N152C was increased by 6°C compared to that of re-AuFaeA
AAZ22340.1 ABA39289.1 ABA39289.2 ABR14628.1,https://www.ncbi.nlm.nih.gov/pubmed/25969986,The thermal inactivation half-lives of re-AuFaeAA126C-N152C at 55 and 60°C were 188 and 40 min, which were 12.5- and 10-folds longer than those of re-AuFaeA
AAZ22340.1 ABA39289.1 ABA39289.2 ABR14628.1,https://www.ncbi.nlm.nih.gov/pubmed/25969986,Additionally, after elimination of each native disulfide bridge in AuFaeA, a great decrease in expression level and at least 10°C decrease in thermal stability of recombinant AuEaeA variants were also observed.
AAZ22340.1 ABA39289.1 ABA39289.2 ABR14628.1,https://www.ncbi.nlm.nih.gov/pubmed/25733186,The purified re-AuEH2 displayed the maximum activity at pH 7.0 and 35 °C
AAZ22340.1 ABA39289.1 ABA39289.2 ABR14628.1,https://www.ncbi.nlm.nih.gov/pubmed/25733186,It was highly stable at a pH range of 5.0-7.5, and at 40 °C or below
AAZ22340.1 ABA39289.1 ABA39289.2 ABR14628.1,https://www.ncbi.nlm.nih.gov/pubmed/25733186,Its enantiomeric ratio (E) for resolution of racemic SO was 24.2 at 10 °C
AAZ22340.1 ABA39289.1 ABA39289.2 ABR14628.1,https://www.ncbi.nlm.nih.gov/pubmed/24879480,The temperature optimum of recombinant (re) ATXyn10(M) was 60 °C, 10 °C higher than that of reAuXyn10A
AAZ22340.1 ABA39289.1 ABA39289.2 ABR14628.1,https://www.ncbi.nlm.nih.gov/pubmed/24879480,Its thermal inactivation half-life (t(1/2)) at 55 °C was 10.4-fold longer than that of reAuXyn10A
AAZ22340.1 ABA39289.1 ABA39289.2 ABR14628.1,https://www.ncbi.nlm.nih.gov/pubmed/24393334,The temperature optimum and stability of reAEXynM reached 70 and 75°C, respectively, much higher than those (50 and 45°C) of reAuXyn11A
AAZ22340.1 ABA39289.1 ABA39289.2 ABR14628.1,https://www.ncbi.nlm.nih.gov/pubmed/24393334,The melting temperature (Tm) of reAEXynM, measured using the Protein Thermal Shift (PTS) method, increased by 34.0°C as compared with that of reAuXyn11A
AAZ22340.1 ABA39289.1 ABA39289.2 ABR14628.1,https://www.ncbi.nlm.nih.gov/pubmed/24052228,The purified reAuFaeA was optimally active at pH 5.0 and 45 °C, and highly stable at pH 4.0-6.5 and 45 °C or below
AAZ22340.1 ABA39289.1 ABA39289.2 ABR14628.1,https://www.ncbi.nlm.nih.gov/pubmed/23881861,It displayed maximum activity at pH 5 and 50 °C and was stable in the pH range 4-8 and at a temperature of 45 °C or below
AAZ22340.1 ABA39289.1 ABA39289.2 ABR14628.1,https://www.ncbi.nlm.nih.gov/pubmed/23053346,The purified reAuXyn10A displayed the maximum activity at pH 5.5 and 50 °C
AAZ22340.1 ABA39289.1 ABA39289.2 ABR14628.1,https://www.ncbi.nlm.nih.gov/pubmed/23053346,It was highly stable at a broad pH range of 4.5-8.5, and at a temperature of 45 °C
AAZ22340.1 ABA39289.1 ABA39289.2 ABR14628.1,https://www.ncbi.nlm.nih.gov/pubmed/23053346,The K(m) and V(max), towards birchwood xylan at pH 5.5 and 50 °C, were 2.25 mg/ml and 6,267 U/mg, respectively
AAZ22340.1 ABA39289.1 ABA39289.2 ABR14628.1,https://www.ncbi.nlm.nih.gov/pubmed/22689149,The purified reAuXyn11D displayed the highest activity at pH 4.5 and 55 °C
AAZ22340.1 ABA39289.1 ABA39289.2 ABR14628.1,https://www.ncbi.nlm.nih.gov/pubmed/22689149,It was stable at a pH range of 3.5-6.5 and at a temperature of 50 °C or below
AAZ22340.1 ABA39289.1 ABA39289.2 ABR14628.1,https://www.ncbi.nlm.nih.gov/pubmed/21935697,The purified rAuCel12A displayed the highest activity at pH 5.0 and 60°C
AAZ22340.1 ABA39289.1 ABA39289.2 ABR14628.1,https://www.ncbi.nlm.nih.gov/pubmed/21935697,It was highly stable at a pH range of 3.5-7.0, and at a temperature of 55°C or below
AAZ22340.1 ABA39289.1 ABA39289.2 ABR14628.1,https://www.ncbi.nlm.nih.gov/pubmed/21935697,The K(m) and V(max) of the rAuCel12A, towards carboxymethylcellulose-Na (CMC-Na) at pH 5.0 and 50°C were 4.85 mg/ml and 160.5 U/mg, respectively.
AAZ22340.1 ABA39289.1 ABA39289.2 ABR14628.1,https://www.ncbi.nlm.nih.gov/pubmed/17376674,The xylanase had optimal activity at pH 4.6 and 50 degrees C
CAA90073.1,https://www.ncbi.nlm.nih.gov/pubmed/29367149,nidulans grown in a modified growth medium for the period of 5 days at 25 °C under shaking conditions and the extracellular medium free from fungal biomass used for the extraction of DHICA
CAA90073.1,https://www.ncbi.nlm.nih.gov/pubmed/29349547,The optimum temperatures and pH values were 50 °C and 5.0 for AnFAEA, and 35 °C and 6.0 for AnFAEB
CAA84537.1,https://www.ncbi.nlm.nih.gov/pubmed/2045775,The products of the two genes showed similar pH optima for hydrolysis of oat spelt xylan (around 5.5) and had little or no activity against carboxymethylcellulose
AAQ83579.1,https://www.ncbi.nlm.nih.gov/pubmed/15184083,Both show activities over the pH range of 4-11 at 37 degrees C and over 80% activities at 70 degrees C
AAQ90180.2 ABX94901.1 ABX94905.1,https://www.ncbi.nlm.nih.gov/pubmed/29460958,Metabolic activity required >∼40% seawater salinity, peaking at 100% salinity and 35 °C
BAA08650.1 ACR92593.1,https://www.ncbi.nlm.nih.gov/pubmed/16473771,Xylanase activity was optimal at pH 5.0 and 55 degrees C
AAC60542.1 AAS31748.1 ABH92517.1 ACQ19007.1 BAA03576.1,https://www.ncbi.nlm.nih.gov/pubmed/26686608,niger show different optimum pH values of 2.0 and 3.0, respectively
AAC60542.1 AAS31748.1 ABH92517.1 ACQ19007.1 BAA03576.1,https://www.ncbi.nlm.nih.gov/pubmed/26686608,kawachii xylanase gene (XynC) on the basis of the bias codon of yeast and mutated the gene in the dominating region related to optimum pH shifting during gene synthesis
AAC60542.1 AAS31748.1 ABH92517.1 ACQ19007.1 BAA03576.1,https://www.ncbi.nlm.nih.gov/pubmed/26686608,After the overexpression of this gene in Pichia pastoris G115, the mutant (Thr64Ser) enzyme (XynC-C) showed an optimum pH of 3.8, which indicated partial alkalinity compared with the original xylanase from A
AAC60542.1 AAS31748.1 ABH92517.1 ACQ19007.1 BAA03576.1,https://www.ncbi.nlm.nih.gov/pubmed/26686608,Similar to that of the enzyme with one residue mutation (Asp48Asn), the optimum pH of the enzyme with two residue mutations (Thr64Ser and Asp48Asn) shifted to 5.0
AAC60542.1 AAS31748.1 ABH92517.1 ACQ19007.1 BAA03576.1,https://www.ncbi.nlm.nih.gov/pubmed/26686608,The result indicated that mutation Asp48 was more important than mutation Thr64 in optimum pH shifting
AAC60542.1 AAS31748.1 ABH92517.1 ACQ19007.1 BAA03576.1,https://www.ncbi.nlm.nih.gov/pubmed/26686608,We proposed a model that explains the lower optimum pH of XynC-C than other members of the xylanase family G
AAC60542.1 AAS31748.1 ABH92517.1 ACQ19007.1 BAA03576.1,https://www.ncbi.nlm.nih.gov/pubmed/15096627,Its three-dimensional structure has been solved at 2.0 A and its optimum temperature and pH for enzymatic activity are 60 degrees C and 6.0, respectively
AAC60542.1 AAS31748.1 ABH92517.1 ACQ19007.1 BAA03576.1,https://www.ncbi.nlm.nih.gov/pubmed/15096627,Aspergillus kawachii xylanase XynC belongs to the same family but is an acidophilic enzyme with an optimum pH of 2.0
AAC60542.1 AAS31748.1 ABH92517.1 ACQ19007.1 BAA03576.1,https://www.ncbi.nlm.nih.gov/pubmed/15096627,The Y193W mutation inactivated Xyl1 whereas W20Y decreased the optimum pH of Xyl1 to 5.0 and slightly increased its specific activity
AAC60542.1 AAS31748.1 ABH92517.1 ACQ19007.1 BAA03576.1,https://www.ncbi.nlm.nih.gov/pubmed/15096627,The N48D mutation also decreased the optimum pH of Xyl1 by one unit
AAC60542.1 AAS31748.1 ABH92517.1 ACQ19007.1 BAA03576.1,https://www.ncbi.nlm.nih.gov/pubmed/15096627,The A134E substitution did not induce any change, but when combined with N48D, a synergistic effect was observed with a 1.4 unit decrease in the optimum pH
AAC60542.1 AAS31748.1 ABH92517.1 ACQ19007.1 BAA03576.1,https://www.ncbi.nlm.nih.gov/pubmed/8575021,Xyn3 was stable between 30 and 50 degrees C, and the optimum temperature and pH were shown to be at 60 degrees C and lower than pH 3, respectively
AAC06114.2 AAS31736.1 ABH92525.1 ACQ19015.1,https://www.ncbi.nlm.nih.gov/pubmed/24317063,Abstract Amylases from Streptomyces are useful in the production of maltooligosaccharides, but they have weak thermal stability at temperatures higher than 40 °C
AAC06114.2 AAS31736.1 ABH92525.1 ACQ19015.1,https://www.ncbi.nlm.nih.gov/pubmed/24317063,The optimal temperature shifted from 25 to 50 °C with the addition of the Ca(2+) ion
AAC06114.2 AAS31736.1 ABH92525.1 ACQ19015.1,https://www.ncbi.nlm.nih.gov/pubmed/19066884,Abstract The complete DNA sequence of plasmid pHZ1358, a widely used vector for targeted gene disruption and replacement experiments in many Streptomyces hosts, has been determined
AAC06114.2 AAS31736.1 ABH92525.1 ACQ19015.1,https://www.ncbi.nlm.nih.gov/pubmed/19066884,lividans 1326 host, while the structural instability was found to be related to the facile deletion of the entire Escherichia coli-derived part of pHZ1358, mediated by recombination between 36-bp direct repeats
AAC06114.2 AAS31736.1 ABH92525.1 ACQ19015.1,https://www.ncbi.nlm.nih.gov/pubmed/19066884,A pHZ1358 derivative (pJTU412, sti(-), rep*, orf85(-)) was then constructed which additionally lacked one of the 36-bp direct repeats
AAC06114.2 AAS31736.1 ABH92525.1 ACQ19015.1,https://www.ncbi.nlm.nih.gov/pubmed/19066884,pJTU412 was demonstrated to be structurally stable but segregationally unstable and, in contrast to sti(+) pHZ1358, allowed efficient targeted gene replacement in S
AAC06114.2 AAS31736.1 ABH92525.1 ACQ19015.1,https://www.ncbi.nlm.nih.gov/pubmed/17439960,Electrophoretic banding patterns of a plasmid (pHZ209), reflecting DNA degradation, displayed a clear change from a preferential modification site in strain 1326 to more random modifications in the mutant
AAC06114.2 AAS31736.1 ABH92525.1 ACQ19015.1,https://www.ncbi.nlm.nih.gov/pubmed/17439960,Fourteen randomly modifiable sites on pHZ209 were localized, and each seemed to be able to be modified only once
CAA67143.1,https://www.ncbi.nlm.nih.gov/pubmed/15659364,Abstract Endo-beta-1,4-xylanases of the family 11 glycosyl-hydrolases are catalytically active over a wide range of pH
CAA67143.1,https://www.ncbi.nlm.nih.gov/pubmed/15659364,S38 belongs to this family, and its optimum pH for enzymatic activity is 6
CAA67143.1,https://www.ncbi.nlm.nih.gov/pubmed/15659364,Interestingly, the E139K mutation raised the optimum pH of Xyl1 from 6 to 7.5 but had no effect when combined with the N92D substitution
CAA67143.1,https://www.ncbi.nlm.nih.gov/pubmed/15096627,Its three-dimensional structure has been solved at 2.0 A and its optimum temperature and pH for enzymatic activity are 60 degrees C and 6.0, respectively
CAA67143.1,https://www.ncbi.nlm.nih.gov/pubmed/15096627,Aspergillus kawachii xylanase XynC belongs to the same family but is an acidophilic enzyme with an optimum pH of 2.0
CAA67143.1,https://www.ncbi.nlm.nih.gov/pubmed/15096627,The Y193W mutation inactivated Xyl1 whereas W20Y decreased the optimum pH of Xyl1 to 5.0 and slightly increased its specific activity
CAA67143.1,https://www.ncbi.nlm.nih.gov/pubmed/15096627,The N48D mutation also decreased the optimum pH of Xyl1 by one unit
CAA67143.1,https://www.ncbi.nlm.nih.gov/pubmed/15096627,The A134E substitution did not induce any change, but when combined with N48D, a synergistic effect was observed with a 1.4 unit decrease in the optimum pH
CAA67143.1,https://www.ncbi.nlm.nih.gov/pubmed/10689075,The purified enzymes were totally devoid of cellulase activity on CM-cellulose and their activities were optimal at about 60 degrees C and pH 6
ACF40831.1,https://www.ncbi.nlm.nih.gov/pubmed/29566690,Protein heterologously expressed showed similar biochemical properties to those expressed by the natural producer (42 kDa, optima pH 5.5-6.5 and 30-40 °C)
ACF40831.1,https://www.ncbi.nlm.nih.gov/pubmed/10198104,The two proteins were found to be similar in size (27 and 27.5 kD) by sodium dodecyl sulfate-polyacrylamide gel electrophoresis, and their isoelectric points were determined to be greater than pH 10.0
BAJ31718.1,https://www.ncbi.nlm.nih.gov/pubmed/25435500,Purified recombinant Blon_0625 retains hydrolyzing activity against both p-nitrophenyl-β-D-glucopyranoside (pNPG; 17.3±0.24Umg(-1)) and p-nitrophenyl-β-D-xylopyranoside (pNPX; 16.7±0.32Umg(-1)) at pH 6.0, 30°C
CAD60654.1,https://www.ncbi.nlm.nih.gov/pubmed/24407449,One of the mutants (EstBP7-AGA; Mut 5) showed an E >100 towards a complex tertiary alcohol acetate (2-(4-pyridyl)but-3-yn-2-yl acetate) at low reaction temperature (4 °C)
CAD60654.1,https://www.ncbi.nlm.nih.gov/pubmed/15057452,Recombinant xylanase A showed high activity on xylans from hardwoods and cereals, and exhibited maximum activity at pH 6 and 60 degrees C
CAD60654.1,https://www.ncbi.nlm.nih.gov/pubmed/15057452,The enzyme remained stable after incubation at 50 degrees C and pH 7 for 3 h, and it was strongly inhibited by Mn(2+), Fe(3+), Pb(2+), and Hg(2+)
CAD60654.1,https://www.ncbi.nlm.nih.gov/pubmed/12819959,The cloned enzyme, named PadA, displayed maximum activity at 40 degrees C and pH 5.5, being stable over a broad range of pH and up to 45 degrees C
CAD60654.1,https://www.ncbi.nlm.nih.gov/pubmed/11178722,Maximum activity was found at 45 degrees C and pH 7.5
CAD60654.1,https://www.ncbi.nlm.nih.gov/pubmed/11178722,The enzyme displayed stability in the pH range from 6 to 9.5, and at temperatures from 4 degrees to 45 degrees C
AAQ22691.1,https://www.ncbi.nlm.nih.gov/pubmed/20621155,Comparison of this structure with other homologous acidophilic, neutrophilic and alkalophilic xylanases provides additional insights into the general features involved in low pH adaptation (stability and activity)
AAQ22691.1,https://www.ncbi.nlm.nih.gov/pubmed/19640703,Abstract The role of residues Asp60, Tyr35 and Glu141 in the pH-dependent activity of xylanase XYL1p from Scytalidium acidophilum was investigated by site-directed mutagenesis
AAQ22691.1,https://www.ncbi.nlm.nih.gov/pubmed/19640703,Xylanase activities at different pH's and temperatures were determined
AAQ22691.1,https://www.ncbi.nlm.nih.gov/pubmed/19640703,All mutations increased the pH optimum by 0.5-1.5 pH units
AAQ22691.1,https://www.ncbi.nlm.nih.gov/pubmed/19640703,All mutants have lower specific activities except the E141A mutant that exhibited a 50% increase in specific activity at pH 4.0 and had an overall catalytic efficiency higher than the wild-type enzyme
AAQ22691.1,https://www.ncbi.nlm.nih.gov/pubmed/19640703,Thermal unfolding experiments show that both the wild-type and E141A mutant proteins have a T(m) maximum at pH 3.5, the E141A mutant being slightly less stable than the wild-type enzyme
AAQ22691.1,https://www.ncbi.nlm.nih.gov/pubmed/19640703,These mutations confirm the importance of these amino acids in the pH adaptation
AAQ22691.1,https://www.ncbi.nlm.nih.gov/pubmed/19640703,Mutant E141A with its enhanced specific activity at pH 4.0 and improved overall catalytic efficiency is of possible interest for biotechnological applications.
AAQ22691.1,https://www.ncbi.nlm.nih.gov/pubmed/16428847,The purified XYL1p showed an optimum activity at pH 3.2 and 56 degrees C
CAA01470.1 AAZ66797.1 ABH92516.1 ACK26693.1 ACQ19006.1 ACR92608.1 CAK46731.1,https://www.ncbi.nlm.nih.gov/pubmed/28254397,Additionally, purification and characterization results revealed that the optimum pH and temperature for manA activity were pH∼5 and ∼70 °C, and for manB activity were pH∼7 and 60 °C, respectively
CAA01470.1 AAZ66797.1 ABH92516.1 ACK26693.1 ACQ19006.1 ACR92608.1 CAK46731.1,https://www.ncbi.nlm.nih.gov/pubmed/25967034,pastoris GS115 from a constitutive expression vector pHBM-905 M
CAA01470.1 AAZ66797.1 ABH92516.1 ACK26693.1 ACQ19006.1 ACR92608.1 CAK46731.1,https://www.ncbi.nlm.nih.gov/pubmed/25967034,The enzyme exhibited a maximum activity of 3049 U/ml at 80 °C and retained 60% enzyme activity at 80 °C for 2 h
CAA01470.1 AAZ66797.1 ABH92516.1 ACK26693.1 ACQ19006.1 ACR92608.1 CAK46731.1,https://www.ncbi.nlm.nih.gov/pubmed/25967034,The pH optimum was 4.5 and the enzyme was stable over the pH range 1.5-11
CAA01470.1 AAZ66797.1 ABH92516.1 ACK26693.1 ACQ19006.1 ACR92608.1 CAK46731.1,https://www.ncbi.nlm.nih.gov/pubmed/24083101,The highest activity of purified XynVII was observed at 55°C and pH 5.5
CAA01470.1 AAZ66797.1 ABH92516.1 ACK26693.1 ACQ19006.1 ACR92608.1 CAK46731.1,https://www.ncbi.nlm.nih.gov/pubmed/24083101,The enzyme was stable in the broad pH range of 3-10 and up to 60°C and was resistant to most metal ions and modifying regents
CAA01470.1 AAZ66797.1 ABH92516.1 ACK26693.1 ACQ19006.1 ACR92608.1 CAK46731.1,https://www.ncbi.nlm.nih.gov/pubmed/23540930,Abstract Isolates from gardening waste compost and 38 culture collection microbes were grown on agar plates at pH 4.0 with the cutinase model substrate polycaprolactone as a carbon source
CAA01470.1 AAZ66797.1 ABH92516.1 ACK26693.1 ACQ19006.1 ACR92608.1 CAK46731.1,https://www.ncbi.nlm.nih.gov/pubmed/23540930,The strains showing polycaprolactone hydrolysis were cultivated in liquid at acidic pH and the cultivations were monitored by assaying the p-nitrophenyl butyrate esterase activities
CAA01470.1 AAZ66797.1 ABH92516.1 ACK26693.1 ACQ19006.1 ACR92608.1 CAK46731.1,https://www.ncbi.nlm.nih.gov/pubmed/23540930,Culture supernatants of four strains were analyzed for the hydrolysis of tritiated apple cutin at different pHs
CAA01470.1 AAZ66797.1 ABH92516.1 ACK26693.1 ACQ19006.1 ACR92608.1 CAK46731.1,https://www.ncbi.nlm.nih.gov/pubmed/23540930,Highest amounts of radioactive hydrolysis products were detected at pHs below 5
CAA01470.1 AAZ66797.1 ABH92516.1 ACK26693.1 ACQ19006.1 ACR92608.1 CAK46731.1,https://www.ncbi.nlm.nih.gov/pubmed/23540930,The hydrolysis of apple cutin by the culture supernatants at acidic pH was further confirmed by GC-MS analysis of the hydrolysis products
CAA01470.1 AAZ66797.1 ABH92516.1 ACK26693.1 ACQ19006.1 ACR92608.1 CAK46731.1,https://www.ncbi.nlm.nih.gov/pubmed/23540930,On the basis of screening, the acidic cutinase from Aspergillus niger CBS 513.88 was chosen for heterogeneous production in Pichia pastoris and for analysis of the effects of pH on activity and stability
CAA01470.1 AAZ66797.1 ABH92516.1 ACK26693.1 ACQ19006.1 ACR92608.1 CAK46731.1,https://www.ncbi.nlm.nih.gov/pubmed/23540930,The recombinant enzyme showed activity over a broad range of pHs with maximal activity between pH 5.0 and 6.5
CAA01470.1 AAZ66797.1 ABH92516.1 ACK26693.1 ACQ19006.1 ACR92608.1 CAK46731.1,https://www.ncbi.nlm.nih.gov/pubmed/23540930,Activity could be detected still at pH 3.5.
CAA01470.1 AAZ66797.1 ABH92516.1 ACK26693.1 ACQ19006.1 ACR92608.1 CAK46731.1,https://www.ncbi.nlm.nih.gov/pubmed/21632240,The recombinant endo-beta-1,4-mannanase could work in an extremely board temperature range and over 30% relative activity were retained in the temperature range of 5-60°C
CAA01470.1 AAZ66797.1 ABH92516.1 ACK26693.1 ACQ19006.1 ACR92608.1 CAK46731.1,https://www.ncbi.nlm.nih.gov/pubmed/21632240,The optimal pH value and temperature for activity were 5.0 and 45°C, respectively
CAA01470.1 AAZ66797.1 ABH92516.1 ACK26693.1 ACQ19006.1 ACR92608.1 CAK46731.1,https://www.ncbi.nlm.nih.gov/pubmed/21632240,It was highly thermotolerant with a half-life time of 15min at 90°C
CAA01470.1 AAZ66797.1 ABH92516.1 ACK26693.1 ACQ19006.1 ACR92608.1 CAK46731.1,https://www.ncbi.nlm.nih.gov/pubmed/19445185,Transglucosidation reaction from crude enzyme revealed that contents of isomaltooligosaccharides were up to 26.0% under the optimal conditions of pH 5 and 60 degrees C at 24 h
CAA01470.1 AAZ66797.1 ABH92516.1 ACK26693.1 ACQ19006.1 ACR92608.1 CAK46731.1,https://www.ncbi.nlm.nih.gov/pubmed/17630312,Other characteristics, such as optimal pH and temperature, were found to be similar to those determined for the previously characterized chlorogenic acid hydrolase of A
AAS31752.1 ABH92523.1 ACQ19013.1 CAA77476.1,https://www.ncbi.nlm.nih.gov/pubmed/2045775,The products of the two genes showed similar pH optima for hydrolysis of oat spelt xylan (around 5.5) and had little or no activity against carboxymethylcellulose
AAS31741.1 ABH92529.1 ACK26691.1 ACQ19019.1 ACR92591.1,https://www.ncbi.nlm.nih.gov/pubmed/18576588,The xylanase was concentrated and solvent exchanged by adsorption to a cationic exchanger, SP-ZetaPrep 250, followed by elution with a pH change in the buffer to give a purified and concentrated xylanase complex dissolved in a low-salt buffer
CAB13776.1 AAA22897.1 AAB84458.1 AAM08359.1 ABH92520.1 ACK26682.1 ACQ19010.1 ACR92566.1 AIY93198.1 AQR81879.1 AQR86093.1 CAA84276.1 NP_389765.1,https://www.ncbi.nlm.nih.gov/pubmed/26898926,BSP1, was cloned into the yeast expression vector pHBM905A and expressed and secreted by Pichia pastoris strain GS115
CAB13776.1 AAA22897.1 AAB84458.1 AAM08359.1 ABH92520.1 ACK26682.1 ACQ19010.1 ACR92566.1 AIY93198.1 AQR81879.1 AQR86093.1 CAA84276.1 NP_389765.1,https://www.ncbi.nlm.nih.gov/pubmed/23053115,The four enzymes display good temperature (K t (0.5) ∼ 45 °C) and pH stabilities (>4.6 to <10.3)
CAB13776.1 AAA22897.1 AAB84458.1 AAM08359.1 ABH92520.1 ACK26682.1 ACQ19010.1 ACR92566.1 AIY93198.1 AQR81879.1 AQR86093.1 CAA84276.1 NP_389765.1,https://www.ncbi.nlm.nih.gov/pubmed/23053115,At pH 6.0 and 25 °C, the enzyme from L
AAF09501.1 ACR92599.1,https://www.ncbi.nlm.nih.gov/pubmed/24870309,Their activities are highest at pH 8.0 with a low krel/Kapp for LM-OH, suggesting that the enzymes’ natural substrates must be different in shape or chemical nature
AAF09501.1 ACR92599.1,https://www.ncbi.nlm.nih.gov/pubmed/18351297,Experiments were carried out at 25 degrees C and pH 7.0 in accordance to the enzyme stability profile
AAF09501.1 ACR92599.1,https://www.ncbi.nlm.nih.gov/pubmed/12721417,Abstract The effect of aeration on lignin peroxidase production by Streptomyces viridosporus T7A was studied in a bench-scale bioreactor using a previously optimized growth medium (0.65% yeast extract and 0.1% corn oil, pH 7.0) at 37 degrees C and natural pH
AAF09501.1 ACR92599.1,https://www.ncbi.nlm.nih.gov/pubmed/8434915,In addition to a transient enhancement of carbon mineralization, the recombinant affected soil pH, the rate of incorporation of carbon into soil humus fractions, nitrogen cycling, the relative populations of some microbial groups, and also certain soil enzyme activities
AAF09501.1 ACR92599.1,https://www.ncbi.nlm.nih.gov/pubmed/16348434,For shake flask cultures, plastics were chemically disinfected and incubated-shaken at 125 rpm at 37 degrees C in 0.6% yeast extract medium (pH 7.1) for Streptomyces spp
AAF09501.1 ACR92599.1,https://www.ncbi.nlm.nih.gov/pubmed/16348434,and at 30 degrees C for the fungus in 3% malt extract medium (pH 4.5) for 4 weeks along with an uninoculated control for each treatment
AAF09501.1 ACR92599.1,https://www.ncbi.nlm.nih.gov/pubmed/1929375,The optimal incubation temperature, pH, and substrate (2,4-dichlorophenol) concentration for the enzyme assays were 45 degrees C, 6, and 3 mM, respectively
AAF09501.1 ACR92599.1,https://www.ncbi.nlm.nih.gov/pubmed/1929375,Stability of lignin peroxidase was determined at 37, 45, and 60 degrees C, and over the pH range 4-9.
AAV64879.1,https://www.ncbi.nlm.nih.gov/pubmed/20816933,The optimal pH and temperature of the purified esterase were 7.5 and 60°C, respectively
AAV64879.1,https://www.ncbi.nlm.nih.gov/pubmed/20495998,The optimal pH and temperature of the purified amylase were 7.0 and 60 degrees C, respectively
AAV64879.1,https://www.ncbi.nlm.nih.gov/pubmed/21614198,About 70% of the original activity remained after heat treatment at 60 °C for three hours
AAV64879.1,https://www.ncbi.nlm.nih.gov/pubmed/21614198,The optimal pH and temperature of the purified enzyme were 8.0 and 60 °C, respectively
AAV64879.1,https://www.ncbi.nlm.nih.gov/pubmed/20039188,The optimal pH and temperature of the purified amylase were 7.0 and 60 degrees C, respectively
AAV64879.1,https://www.ncbi.nlm.nih.gov/pubmed/22578869,The optimum pH and temperature for the purified enzyme were 8.0 and 80°C, respectively
AAV64879.1,https://www.ncbi.nlm.nih.gov/pubmed/17432873,The optimum pH and temperature for xylanases were 6.0-8.0 and 70 degrees C, respectively
AAV64879.1,https://www.ncbi.nlm.nih.gov/pubmed/17432873,Two percent of xylan extracted from the bagasse was then hydrolyzed by heat-treated crude xylanase preparation at 60 degrees C, pH 7.0, for 10 h
AAV64879.1,https://www.ncbi.nlm.nih.gov/pubmed/17211634,The optimal pH and temperature of the purified amylase were 7.0 and 60 degrees C, respectively
CAB61738.1 NP_626540.1,https://www.ncbi.nlm.nih.gov/pubmed/29400405,SCO6546 showed maximum cellulase activity toward Avicel at pH 5.0 and 50 °C, which is similar to the conditions for maximum activity toward cellotetraose and cellopentaose substrates
CAB61738.1 NP_626540.1,https://www.ncbi.nlm.nih.gov/pubmed/29400405,The kinetic parameters kcat and KM , for cellotetraose at pH 5.0 and 50 °C were 13.3 s-1 and 2.7 mM, respectively
CAB61738.1 NP_626540.1,https://www.ncbi.nlm.nih.gov/pubmed/29203348,pastoris harbouring the laccase gene (rSLAC) produced high titres of extracellular laccase (500 ± 10 U/l), which were further increased seven fold by pre-incubation at 80 °C for 30 min
CAB61738.1 NP_626540.1,https://www.ncbi.nlm.nih.gov/pubmed/29203348,The enzyme (∼38 kDa) had an optimum activity at 80 °C, but optimum pH varied with substrate used
CAB61738.1 NP_626540.1,https://www.ncbi.nlm.nih.gov/pubmed/29203348,The t1/2 values of the rSLAC at 60 °C, 70 °C, 80 °C were 60 h, 32 h and 10 h, respectively
AAA67558.1 AAC39487.1 AAD51950.1,https://www.ncbi.nlm.nih.gov/pubmed/27979257,The optimum pH and temperature for xylanase activity were 4.0 and 30-50°C, respectively
AAA67558.1 AAC39487.1 AAD51950.1,https://www.ncbi.nlm.nih.gov/pubmed/27979257,The enzyme was stable in the pH range of 3.0-8.0
AAA67558.1 AAC39487.1 AAD51950.1,https://www.ncbi.nlm.nih.gov/pubmed/27537074,The optimum conditions for xylanase activity were pH 4.0 and 30-50°C
AAA67558.1 AAC39487.1 AAD51950.1,https://www.ncbi.nlm.nih.gov/pubmed/27537074,The enzyme was very stable over a wide pH range of 3.0-8.0
AAA67558.1 AAC39487.1 AAD51950.1,https://www.ncbi.nlm.nih.gov/pubmed/16233094,Xylanase activity was optimal at pH 2.0 and 50 degrees C
AAA67558.1 AAC39487.1 AAD51950.1,https://www.ncbi.nlm.nih.gov/pubmed/16233094,The deduced amino acid sequence showed 94% identity with that of a previously reported equivalent gene (xynA) encoding a xylanase with an optimal pH of 4.8 from a color variant strain, NRRL Y-2311-1, of A
AAA67558.1 AAC39487.1 AAD51950.1,https://www.ncbi.nlm.nih.gov/pubmed/12957952,The enzyme has a pI of 6.5, and maximum activity is observed at pH 6.7 and 60 degrees C
ACL68347.1,https://www.ncbi.nlm.nih.gov/pubmed/29500753,A combination of the best mutations increased the apparent melting temperature by 14 °C and significantly enhanced thermostability and thermoactivation
ACL68347.1,https://www.ncbi.nlm.nih.gov/pubmed/29500753,Moreover, a 10-fold higher XOS production yield was obtained at 70 °C, which compensated the low yield obtained with the wild-type enzyme
ACL68347.1,https://www.ncbi.nlm.nih.gov/pubmed/28917931,licheniformis at 90°C for 1.5h followed by Neutrase at 50°C for 4h, aqueous liquefaction at 121°C for 15h and ethanol precipitation enabled the production of soluble arabinoxylan (AX) with purity of 70.9% and 68.4% (w/w) respectively
ACL68347.1,https://www.ncbi.nlm.nih.gov/pubmed/28546828,Xyn-MUT exhibited higher thermostability than XynCDBFV at ≥70 °C
ACL68347.1,https://www.ncbi.nlm.nih.gov/pubmed/28546828,Xyn-MUT showed promising improvement in residual activity with a thermal retention of 14% compared to that of XynCDBFV after 1 h incubation at 80 °C; Xyn-MUT maintained around 50% of the maximal activity after incubation at 95 °C for 1 h
ACL68347.1,https://www.ncbi.nlm.nih.gov/pubmed/26088174,Although W125F/F163W showed 5 °C reduction in the optimal temperature, it still preserves similar thermostability and is more active than the wild-type enzyme at temperatures lower than 60 °C
ACL68347.1,https://www.ncbi.nlm.nih.gov/pubmed/24619408,Abstract The catalytic domain of XynCDBFV, a glycoside hydrolase family 11 (GH11) xylanase from ruminal fungus Neocallimastix patriciarum previously engineered to exhibit higher specific activity and broader pH adaptability, holds great potential in commercial applications
ACL68347.1,https://www.ncbi.nlm.nih.gov/pubmed/24619408,Interestingly, the NTR deletion mutant retained 61.5% and 19.5% enzymatic activity at 55 °C and 75 °C, respectively, compared with the wild-type enzyme, whereas the C4A/C172A mutant showed 86.8% and 23.3% activity
ACL68347.1,https://www.ncbi.nlm.nih.gov/pubmed/24440633,The hybrid xylanase displayed properties (pH and temperature optima) similar to those of the parental enzyme, although thermostability was lowered, with the Tm value, being reduced by 5°C
ACL68347.1,https://www.ncbi.nlm.nih.gov/pubmed/23770555,The recombinant J11 CelA had an optimal pH of 6.0 and was stable over a wide range of pH (5.2-11.3)
ACL68347.1,https://www.ncbi.nlm.nih.gov/pubmed/23770555,The enzyme showed an optimal temperature of 50°C and was still maintained approximately 50% of the maximum activity in response to the treatment at 70°C for 1h
ACL68347.1,https://www.ncbi.nlm.nih.gov/pubmed/23770555,As a thermostable and pH stable enzyme with crystalline cellulose-degrading activity, J11 CelA is a potential candidate for the bioethanol industry.
ACL68347.1,https://www.ncbi.nlm.nih.gov/pubmed/22515264,The optimal activity was detected at 40°C and pH 5 ~ 6, showing that the enzyme prefers a weak acid condition
ACL68347.1,https://www.ncbi.nlm.nih.gov/pubmed/22515264,Moreover, its activity could be enhanced at 50°C by adding Mg2+ or Mn2+ ions
ACL68347.1,https://www.ncbi.nlm.nih.gov/pubmed/22515264,CONCLUSION: Our characterizations of the novel β-glucosidase NpaBGS revealed that it has a preference of weak acidity for optimal yeast fermentation and an optimal temperature of ~40°C
ACL68347.1,https://www.ncbi.nlm.nih.gov/pubmed/22492445,They also demonstrated similar pH and temperature optima, substrate specificity, substrate affinity, and hydrolysis patterns
ACL68347.1,https://www.ncbi.nlm.nih.gov/pubmed/19690850,Response surface modeling combined with central composite design and regression analysis was then applied to determine the optimal temperature and pH conditions of the recombinant XynS20E
ACL68347.1,https://www.ncbi.nlm.nih.gov/pubmed/19690850,The optimal conditions for the highest xylanase activity of the recombinant XynS20E were observed at a temperature of 49 degrees C and a pH of 5.8, while those for the highest carbohydrate esterase activity were observed at a temperature of 58 degrees C and a pH of 8.2
AAG23526.1,https://www.ncbi.nlm.nih.gov/pubmed/27242139,Even though it is a strict mesophile, optimal xylanase activity of the crude enzymatic extract was achieved between 50°C and 70°C and more than 60% of the activity was retained after incubation for 48h at 50°C, indicating thermotolerance of the enzymes involved
AAG23526.1,https://www.ncbi.nlm.nih.gov/pubmed/23462014,The purified xylanase showed optimum activity with birchwood xylan as a substrate at 40°C and pH 7.4
AAG23526.1,https://www.ncbi.nlm.nih.gov/pubmed/20218604,Xylanase A was highly active at 60 degrees C in alkaline pH values up to 9.5 and remained stable for at least 3 h in alkaline conditions
AAG23526.1,https://www.ncbi.nlm.nih.gov/pubmed/18051350,The optimum pH and temperature of the purified enzyme were 6.0 and 60 degrees C, respectively
AAS85782.1,https://www.ncbi.nlm.nih.gov/pubmed/29460958,Metabolic activity required >∼40% seawater salinity, peaking at 100% salinity and 35 °C
BAE56664.1,https://www.ncbi.nlm.nih.gov/pubmed/28527994,Purified phytase has a monomeric molecular mass of ∼80kDa exhibiting its optimal activity at pH 5.0 and 50°C with a T 1/2 of 300min at 50°C
BAE56664.1,https://www.ncbi.nlm.nih.gov/pubmed/28527994,oryzae showed protease-resistance and was more stable during storage at 4°C and -20°C as compared to room temperature
BAE56664.1,https://www.ncbi.nlm.nih.gov/pubmed/27702490,The specific enzyme activity of the purified reAoMan5A, reAoMan5B and reAoMan5AΔCL towards locust bean gum at pH 3.6 and 40°C for 10min, was 8.3, 104.2 and 15.8U/mg, respectively
BAE56664.1,https://www.ncbi.nlm.nih.gov/pubmed/25604952,Optimal xylanase activity was observed at pH 6.0, and enzyme remained active within pH 4.0-10.0 and at a temperature below 70 °C
BAE56664.1,https://www.ncbi.nlm.nih.gov/pubmed/25604952,oryzae HML366 xylanase XynH1 showed superior heat and pH tolerance, therefore may have significant applications in paper and biofuel industries
ABG37635.1,https://www.ncbi.nlm.nih.gov/pubmed/16337707,It was more active at 60 degrees C and pH 8.0 and showed high stability at 50 degrees C with half-life of 7 days
ABG37635.1,https://www.ncbi.nlm.nih.gov/pubmed/16337707,Circular dichroism measurements at pH between 5.0 and 9.0 showed a transition temperature (T(m)) range of 50-55 degrees 
ABG37635.1,https://www.ncbi.nlm.nih.gov/pubmed/16337707,The thermodynamic analysis of these results showed that EPGI is thermal stable protein exhibiting maximum stability (DeltaG(25)) of 22.65 and 19.19 kcal/mol at pH 8.0 and 9.0, respectively
ABG37635.1,https://www.ncbi.nlm.nih.gov/pubmed/12829303,It was optimally active at 55 degrees C and pH 6.5
ABG37635.1,https://www.ncbi.nlm.nih.gov/pubmed/10989179,The enzyme was optimally active at 55 degrees C and pH 7.0
ABG37635.1,https://www.ncbi.nlm.nih.gov/pubmed/10835259,nainiana had a maximum activity at pH 5.5-7.0 and a temperature range of 50-55 degrees C
ABG37635.1,https://www.ncbi.nlm.nih.gov/pubmed/10835259,It was stable up to 55 degrees C at pH 7.0 for at least 2 h
ABG37635.1,https://www.ncbi.nlm.nih.gov/pubmed/9841776,This enzyme was most active at 50 degreesC and pH 6.0
ACN89393.1,https://www.ncbi.nlm.nih.gov/pubmed/24444997,And the XynB still had 74% residual enzyme activity after 30 min-heat treatment at 80°C
ACN89393.1,https://www.ncbi.nlm.nih.gov/pubmed/24031555,Characterization of the recombinant enzymes revealed the different properties: the specific activity of recombinant XYNA1 was 16.58 U/mg compared to 1201.7 U/mg for recombinant XYNB; The optimum temperature and pH of the recombinant XYNA1 were 35 °C and 3.0, respectively, whereas the corresponding values for the recombinant XYNB were 55 °C and 5.0, respectively; The recombinant XYNB showed much more thermostability than recombinant XYNA1; The recombinant XYNB showed 94% of maximal activity after incubating in water for 60 min at 60 °C compared to no activity for recombinant XYNA1
AAG01167.1,https://www.ncbi.nlm.nih.gov/pubmed/22270237,The corresponding recombinant Exo2b protein showed high specific activity toward both carboxymethylcellulose (CMC; 260 U/mg protein) and β-D-glucan from barley (849 U/mg), with an optimal pH and temperature of 7.5 and 58 °C, respectively
AAG01167.1,https://www.ncbi.nlm.nih.gov/pubmed/22270237,Exo2b showed stable activity at a wide pH range from 5.5 to 9.0 and was highly thermostable at 60 °C in the presence of 60 mM cysteine
AAG01167.1,https://www.ncbi.nlm.nih.gov/pubmed/22270237,Residual activity was maintained at nearly 100% when Exo2b was incubated at 60 °C for 15 h
AAG01167.1,https://www.ncbi.nlm.nih.gov/pubmed/19556747,In addition, the recombinant Xyn2 was active over the range of pH 3.5-7.5 with maximum activity at pH 5.0
AAG01167.1,https://www.ncbi.nlm.nih.gov/pubmed/17194495,The enzyme had high specific activity toward locust bean gum and an extremely broad pH range of 2.2-8.0
AAG01167.1,https://www.ncbi.nlm.nih.gov/pubmed/17194495,It showed highest activity at pH 2.4 and 50 degrees C and was stable at temperature below 40 degrees C
AAG01167.1,https://www.ncbi.nlm.nih.gov/pubmed/17194495,The K(m) and V(max) values for locust bean gum at 50 degrees C and pH 2.4 are 0.93mgmL(-1) and 344.83Umg(-1), respectively
AAG01167.1,https://www.ncbi.nlm.nih.gov/pubmed/16939623,reesei TYR2 showed the highest activity and stability within a neutral and alkaline pH range, having an optimum at pH 9
AAS31723.1 AAM08360.1 AAS31734.1 ABH92518.1 ACK26680.1 ACQ19008.1 ACR92575.1 CAA30553.1,https://www.ncbi.nlm.nih.gov/pubmed/28986772,Abstract High xylanase activity and stability toward alkaline pH is strongly desired for pulping and bleaching processes
AAS31723.1 AAM08360.1 AAS31734.1 ABH92518.1 ACK26680.1 ACQ19008.1 ACR92575.1 CAA30553.1,https://www.ncbi.nlm.nih.gov/pubmed/28986772,In the present study, we aimed to evolve the inserted BCX domain within PfMBP-BCX165 for greater xylanase activity toward alkaline pH while maintaining enhanced thermal stability
AAS31723.1 AAM08360.1 AAS31734.1 ABH92518.1 ACK26680.1 ACQ19008.1 ACR92575.1 CAA30553.1,https://www.ncbi.nlm.nih.gov/pubmed/28986772,The T50R mutation enhanced xylanase activity of PfMBP-BCX165 toward alkaline pH without compromising thermal stability
AAS31723.1 AAM08360.1 AAS31734.1 ABH92518.1 ACK26680.1 ACQ19008.1 ACR92575.1 CAA30553.1,https://www.ncbi.nlm.nih.gov/pubmed/28986772,When compared to PfMBP-BCX165T50R, the corresponding unfused BCX mutant, BCXT50R, exhibited similar pH dependence of xylanase activity, yet suffered from limited thermal stability
AAS31723.1 AAM08360.1 AAS31734.1 ABH92518.1 ACK26680.1 ACQ19008.1 ACR92575.1 CAA30553.1,https://www.ncbi.nlm.nih.gov/pubmed/28986772,In summary, we showed that one can improve thermal stability and xylanase activity of BCX toward alkaline pH by inserting into PfMBP followed by sequence variation of the BCX domain
AAS31723.1 AAM08360.1 AAS31734.1 ABH92518.1 ACK26680.1 ACQ19008.1 ACR92575.1 CAA30553.1,https://www.ncbi.nlm.nih.gov/pubmed/28712957,The highest activity was achieved by controlling the pH at 6 during cultivation
AAS31723.1 AAM08360.1 AAS31734.1 ABH92518.1 ACK26680.1 ACQ19008.1 ACR92575.1 CAA30553.1,https://www.ncbi.nlm.nih.gov/pubmed/28712957,Enzyme activity in the supernatant increased to 27 U/ml by fermentation in a 5-L bioreactor with automatic pH control
AAS31723.1 AAM08360.1 AAS31734.1 ABH92518.1 ACK26680.1 ACQ19008.1 ACR92575.1 CAA30553.1,https://www.ncbi.nlm.nih.gov/pubmed/28712957,The optimum temperature of recombinant β-mannanase was 50 °C and stable between 30 and 50 °C
AAS31723.1 AAM08360.1 AAS31734.1 ABH92518.1 ACK26680.1 ACQ19008.1 ACR92575.1 CAA30553.1,https://www.ncbi.nlm.nih.gov/pubmed/28712957,The optimum pH was 6 with stability in the range 5-7
AAS31723.1 AAM08360.1 AAS31734.1 ABH92518.1 ACK26680.1 ACQ19008.1 ACR92575.1 CAA30553.1,https://www.ncbi.nlm.nih.gov/pubmed/28689070,taiwanensis L1011, culture conditions were optimized including temperature, initial pH, carbon source, nitrogen source and C/N ratio
AAS31723.1 AAM08360.1 AAS31734.1 ABH92518.1 ACK26680.1 ACQ19008.1 ACR92575.1 CAA30553.1,https://www.ncbi.nlm.nih.gov/pubmed/28689070,A maximum yield of 1.12g/L of BS-L1011 was obtained using D-mannitol as carbon source and yeast extract/urea as compound nitrogen source with C/N ratio of 10/4, pH 7.0 and 28°C
AAS31723.1 AAM08360.1 AAS31734.1 ABH92518.1 ACK26680.1 ACQ19008.1 ACR92575.1 CAA30553.1,https://www.ncbi.nlm.nih.gov/pubmed/28689070,BS-L1011 was stable over a wide range of temperatures, pH values and salt concentrations
AAS31723.1 AAM08360.1 AAS31734.1 ABH92518.1 ACK26680.1 ACQ19008.1 ACR92575.1 CAA30553.1,https://www.ncbi.nlm.nih.gov/pubmed/28422446,Optimal reaction pH range was wilder and the thermal stability was better under 50 and 60 °C
CAK43456.1 ACA24724.1,https://www.ncbi.nlm.nih.gov/pubmed/28254397,Additionally, purification and characterization results revealed that the optimum pH and temperature for manA activity were pH∼5 and ∼70 °C, and for manB activity were pH∼7 and 60 °C, respectively
CAK43456.1 ACA24724.1,https://www.ncbi.nlm.nih.gov/pubmed/25967034,pastoris GS115 from a constitutive expression vector pHBM-905 M
CAK43456.1 ACA24724.1,https://www.ncbi.nlm.nih.gov/pubmed/25967034,The enzyme exhibited a maximum activity of 3049 U/ml at 80 °C and retained 60% enzyme activity at 80 °C for 2 h
CAK43456.1 ACA24724.1,https://www.ncbi.nlm.nih.gov/pubmed/25967034,The pH optimum was 4.5 and the enzyme was stable over the pH range 1.5-11
CAK43456.1 ACA24724.1,https://www.ncbi.nlm.nih.gov/pubmed/24083101,The highest activity of purified XynVII was observed at 55°C and pH 5.5
CAK43456.1 ACA24724.1,https://www.ncbi.nlm.nih.gov/pubmed/24083101,The enzyme was stable in the broad pH range of 3-10 and up to 60°C and was resistant to most metal ions and modifying regents
CAK43456.1 ACA24724.1,https://www.ncbi.nlm.nih.gov/pubmed/23540930,Abstract Isolates from gardening waste compost and 38 culture collection microbes were grown on agar plates at pH 4.0 with the cutinase model substrate polycaprolactone as a carbon source
CAK43456.1 ACA24724.1,https://www.ncbi.nlm.nih.gov/pubmed/23540930,The strains showing polycaprolactone hydrolysis were cultivated in liquid at acidic pH and the cultivations were monitored by assaying the p-nitrophenyl butyrate esterase activities
CAK43456.1 ACA24724.1,https://www.ncbi.nlm.nih.gov/pubmed/23540930,Culture supernatants of four strains were analyzed for the hydrolysis of tritiated apple cutin at different pHs
CAK43456.1 ACA24724.1,https://www.ncbi.nlm.nih.gov/pubmed/23540930,Highest amounts of radioactive hydrolysis products were detected at pHs below 5
CAK43456.1 ACA24724.1,https://www.ncbi.nlm.nih.gov/pubmed/23540930,The hydrolysis of apple cutin by the culture supernatants at acidic pH was further confirmed by GC-MS analysis of the hydrolysis products
CAK43456.1 ACA24724.1,https://www.ncbi.nlm.nih.gov/pubmed/23540930,On the basis of screening, the acidic cutinase from Aspergillus niger CBS 513.88 was chosen for heterogeneous production in Pichia pastoris and for analysis of the effects of pH on activity and stability
CAK43456.1 ACA24724.1,https://www.ncbi.nlm.nih.gov/pubmed/23540930,The recombinant enzyme showed activity over a broad range of pHs with maximal activity between pH 5.0 and 6.5
CAK43456.1 ACA24724.1,https://www.ncbi.nlm.nih.gov/pubmed/23540930,Activity could be detected still at pH 3.5.
CAK43456.1 ACA24724.1,https://www.ncbi.nlm.nih.gov/pubmed/21632240,The recombinant endo-beta-1,4-mannanase could work in an extremely board temperature range and over 30% relative activity were retained in the temperature range of 5-60°C
CAK43456.1 ACA24724.1,https://www.ncbi.nlm.nih.gov/pubmed/21632240,The optimal pH value and temperature for activity were 5.0 and 45°C, respectively
CAK43456.1 ACA24724.1,https://www.ncbi.nlm.nih.gov/pubmed/21632240,It was highly thermotolerant with a half-life time of 15min at 90°C
CAK43456.1 ACA24724.1,https://www.ncbi.nlm.nih.gov/pubmed/19445185,Transglucosidation reaction from crude enzyme revealed that contents of isomaltooligosaccharides were up to 26.0% under the optimal conditions of pH 5 and 60 degrees C at 24 h
CAK43456.1 ACA24724.1,https://www.ncbi.nlm.nih.gov/pubmed/17630312,Other characteristics, such as optimal pH and temperature, were found to be similar to those determined for the previously characterized chlorogenic acid hydrolase of A
ACX76028.1 ADL25314.1,https://www.ncbi.nlm.nih.gov/pubmed/7979872,In potassium phosphate buffer, glucokinase showed maximum activity at pH 7.5 with glucose-6-phosphate dehydrogenase as the coupling enzyme
AAS85783.1,https://www.ncbi.nlm.nih.gov/pubmed/29460958,Metabolic activity required >∼40% seawater salinity, peaking at 100% salinity and 35 °C
BAA02584.1 AAR39822.1 AAS31751.1 ABH92522.1 ACQ19012.1,https://www.ncbi.nlm.nih.gov/pubmed/29183739,The enzyme exhibited a specific activity of 362.6U/mg at 37°C and pH 6.8
BAA02584.1 AAR39822.1 AAS31751.1 ABH92522.1 ACQ19012.1,https://www.ncbi.nlm.nih.gov/pubmed/29183739,Furthermore, AgaB completely hydrolyzed raffinose and stachyose present in soybean milk at 37°C within 4h when combined with trypsin
BAA02584.1 AAR39822.1 AAS31751.1 ABH92522.1 ACQ19012.1,https://www.ncbi.nlm.nih.gov/pubmed/15056894,The optimum pH of the purified enzyme was 3.5 and it was stable over pH from 3.0 to 8.0
BAA02584.1 AAR39822.1 AAS31751.1 ABH92522.1 ACQ19012.1,https://www.ncbi.nlm.nih.gov/pubmed/14586104,coli is optimally active at 70 degrees C and pH 6.0
BAA02584.1 AAR39822.1 AAS31751.1 ABH92522.1 ACQ19012.1,https://www.ncbi.nlm.nih.gov/pubmed/7765975,At pH 5.5, aggregation occurred rapidly after the thermal denaturation initiated
BAA02584.1 AAR39822.1 AAS31751.1 ABH92522.1 ACQ19012.1,https://www.ncbi.nlm.nih.gov/pubmed/7765974,The pH optimum was 7.0 and it was quite stable over the pH range of 5 to 12 at 4 degrees C
BAA02584.1 AAR39822.1 AAS31751.1 ABH92522.1 ACQ19012.1,https://www.ncbi.nlm.nih.gov/pubmed/7765283,It was optimally active at 75 degrees C and pH 7.0 Km and Vmax were estimated to be 1.9 mg/ml and 2.8 mumol of xylose equivalent/min/micrograms for oat spelt xylan, respectively.
ABB77852.1,https://www.ncbi.nlm.nih.gov/pubmed/23835623,Endo-β-1,4-xylanase (XylX) is one of the GHs reveals high enzymatic activity in a wide range of pH and thermal endurance, suitable for bioconversion and bio-refinement applications
ABB77852.1,https://www.ncbi.nlm.nih.gov/pubmed/22580312,The purified XynG1-1 displayed a greater affinity for birchwood xylan, with an optimal temperature of 60 degrees C and an optimal pH of 7.5
ABB77852.1,https://www.ncbi.nlm.nih.gov/pubmed/22580312,The fact that XynG1-1 is cellulose-free, thermostable (stability at high temperature of 70 degrees C~80 degrees C), and active over a wide pH range (pH 5.0~9.0) suggests that the enzyme is potentially valuable for various industrial applications, especially for pulp bleaching pretreatment.
BAA88421.1 ACR92595.1,https://www.ncbi.nlm.nih.gov/pubmed/16473771,Xylanase activity was optimal at pH 5.0 and 55 degrees C
BAA88421.1 ACR92595.1,https://www.ncbi.nlm.nih.gov/pubmed/10923795,40, which can grow in an extremely acidic medium at pH 2.0 was screened from an acidic soil
BAA88421.1 ACR92595.1,https://www.ncbi.nlm.nih.gov/pubmed/10923795,XynA has an optimum pH at 2.0 and is stable in pH 2.0-5.0
CAB60757.1,https://www.ncbi.nlm.nih.gov/pubmed/24607359,Maximum feruloyl esterase (FAE) activity was observed at pH 5.0 and 50 °C, respectively
CAB60757.1,https://www.ncbi.nlm.nih.gov/pubmed/21302145,SC9 produced 36.7 U/ml of xylanase when grown on a medium containing corncob xylan at 20 °C for 6 days
CAB60757.1,https://www.ncbi.nlm.nih.gov/pubmed/21302145,The enzyme had an optimal pH of 6.0, and was stable over pH 3.5-9.0
CAB60757.1,https://www.ncbi.nlm.nih.gov/pubmed/21302145,The optimal temperature of the xylanase was 42.5 °C and it was stable up to 35 °C at pH 6.0 for 30 min
CAB60757.1,https://www.ncbi.nlm.nih.gov/pubmed/21302145,The xylanase was thermolabile with a half-life of 23.9 min at 45 °C
CAB60757.1,https://www.ncbi.nlm.nih.gov/pubmed/24031262,Maximum xylanase production was achieved with initial medium pH of 3.5-4.0 and incubation temperature of 25ºC.The enzyme preparation was effective in bringing about saccharification of different lignocellulosics
CAB60757.1,https://www.ncbi.nlm.nih.gov/pubmed/16028202,Microbial biomass, humus, C/N ratio, pH, Electrical conductivity (EC), dehydrogenase, alkaline phosphatase, cellulase, xylanase, total phenol and soluble protein were determined to assess their response to the addition of inorganic nitrogen and mixed fungal inoculum of Aspergillus nidulans, Phanerochaete chrysosporium and Trichoderma viride
CAB60757.1,https://www.ncbi.nlm.nih.gov/pubmed/16028202,The evaluation of physico-chemical parameters (organic matter, organic carbon, N, C/N, pH, EC, microbial biomass) revealed that by supplementing unchopped wheat straw with 1% urea and mixed fungal inoculum, a lowest C/N ratio of 10.7, lowest biomass of 9.54 and highest humus content of 13% can be achieved within 3 months
CAJ87325.1,https://www.ncbi.nlm.nih.gov/pubmed/10742272,Characterization of the purified recombinant alpha-L-arabinofuranosidase produced in Escherichia coli revealed that it is highly stable with respect to both temperature (up to 90 degrees C) and pH (stable in the pH range 4 to 12)
ABG33753.1,https://www.ncbi.nlm.nih.gov/pubmed/25351632,Recombinant Xyn11 exhibited maximal activity at 35 °C and remained 21 % of the activity at 0 °C
ABG33753.1,https://www.ncbi.nlm.nih.gov/pubmed/25351632,Both enzymes showed optimal activities at 35 °C and pH 5.5 and were stable at pH 2.0-12.0
ABG33753.1,https://www.ncbi.nlm.nih.gov/pubmed/25351632,Compared with truncated mutant t-Xyn11, Xyn11 retained more activity after 20-min incubation at 40 °C (Xyn11:28 % vs
ABG33753.1,https://www.ncbi.nlm.nih.gov/pubmed/22805796,The cDNA was cloned into pHBM905A and transformed into Pichia pastoris GS115 to screen xylanase-secreting transformants on RBB-xylan plates
ABG33753.1,https://www.ncbi.nlm.nih.gov/pubmed/22805796,The optimal pH and temperature of the purified enzyme is 6 and 50°C, respectively
CAB52919.1 NP_624448.1,https://www.ncbi.nlm.nih.gov/pubmed/29400405,SCO6546 showed maximum cellulase activity toward Avicel at pH 5.0 and 50 °C, which is similar to the conditions for maximum activity toward cellotetraose and cellopentaose substrates
CAB52919.1 NP_624448.1,https://www.ncbi.nlm.nih.gov/pubmed/29400405,The kinetic parameters kcat and KM , for cellotetraose at pH 5.0 and 50 °C were 13.3 s-1 and 2.7 mM, respectively
CAB52919.1 NP_624448.1,https://www.ncbi.nlm.nih.gov/pubmed/29203348,pastoris harbouring the laccase gene (rSLAC) produced high titres of extracellular laccase (500 ± 10 U/l), which were further increased seven fold by pre-incubation at 80 °C for 30 min
CAB52919.1 NP_624448.1,https://www.ncbi.nlm.nih.gov/pubmed/29203348,The enzyme (∼38 kDa) had an optimum activity at 80 °C, but optimum pH varied with substrate used
CAB52919.1 NP_624448.1,https://www.ncbi.nlm.nih.gov/pubmed/29203348,The t1/2 values of the rSLAC at 60 °C, 70 °C, 80 °C were 60 h, 32 h and 10 h, respectively
